LinkID,PeptidePairIDs,PSMIDs,Protein1,Description1,Decoy1,Protein2,Description2,Decoy2,fromSite,ToSite,Score,isDecoy,isTT,isTD,isDD,count PSMs,count peptide pairs,fdrGroup,fdr,,Protein1FDR,Protein2FDR,PPIFDR,,top pep fdr,top psm fdr,,PPI id,LinkWindow1,LinkWindow2,TM_OM_Mods,TM_OM_ModWindow,TM_OM_RepresentiveProtein,TM_OM_RepresentiveModSite
273,13085;12068;11817;12418;12072;11795,154662092;154685416;154617395;154617389;154629656;154666983;154658344;154637187;154666771;154681865;154658118;154636811;154652950,"A","PDBID|CHAIN|SEQUENCE",false,"A","PDBID|CHAIN|SEQUENCE",false,29,22,25.045332660456033,false,true,false,false,13,6,Within,0.0,,0.0,0.0,0.0,,0.0,0.0,,0,IWINGDKGYNGLAEVGKKFEKDTGIKVTVEHPDKLEEKFPQ,IEEGKLVIWINGDKGYNGLAEVGKKFEKDTGIKVTVEHPDK
417,11712;11683;11964;11960;12128;11750,154666565;154610240;154625248;154671937;154649437;154658838;154644203;154653771;154666384;154682403,"A","PDBID|CHAIN|SEQUENCE",false,"A","PDBID|CHAIN|SEQUENCE",false,306,304,24.87348376760442,false,true,false,false,10,6,Within,0.0,,0.0,0.0,0.0,,0.0,0.0,,0,TDEGLEAVNKDKPLGAVALKSYEEELAKDPRIAATMENAQK,LLTDEGLEAVNKDKPLGAVALKSYEEELAKDPRIAATMENA
281,11705;11893;12358,154680186;154620937;154631005;154620886;154635229,"A","PDBID|CHAIN|SEQUENCE",false,"A","PDBID|CHAIN|SEQUENCE",false,47,42,24.089948493751592,false,true,false,false,5,3,Within,0.0,,0.0,0.0,0.0,,0.0,0.0,,0,FEKDTGIKVTVEHPDKLEEKFPQVAATGDGPDIIFWAHDRF,EVGKKFEKDTGIKVTVEHPDKLEEKFPQVAATGDGPDIIFW
269,12034;12236;12136;11912;12071;12617,154644414;154628598;154682744;154617871;154622677;154637750;154637740;154633949;154640590,"A","PDBID|CHAIN|SEQUENCE",false,"A","PDBID|CHAIN|SEQUENCE",false,17,39,24.06216599654981,false,true,false,false,9,6,Within,0.0,,0.0,0.0,0.0,,0.0,0.0,,0,....KIEEGKLVIWINGDKGYNGLAEVGKKFEKDTGIKVTV,GLAEVGKKFEKDTGIKVTVEHPDKLEEKFPQVAATGDGPDI
372,12156;12302,154682293;154646654;154644201;154668067,"A","PDBID|CHAIN|SEQUENCE",false,"A","PDBID|CHAIN|SEQUENCE",false,24,36,21.451372075812515,false,true,false,false,4,2,Within,0.0,,0.0,0.0,0.0,,0.0,0.0,,0,EGKLVIWINGDKGYNGLAEVGKKFEKDTGIKVTVEHPDKLE,GYNGLAEVGKKFEKDTGIKVTVEHPDKLEEKFPQVAATGDG
365,11669;11919;11930,154653478;154671749;154653298;154671535;154666625;154648968;154675463,"A","PDBID|CHAIN|SEQUENCE",false,"A","PDBID|CHAIN|SEQUENCE",false,26,24,21.165414154794203,false,true,false,false,7,3,Within,0.0,,0.0,0.0,0.0,,0.0,0.0,,0,KLVIWINGDKGYNGLAEVGKKFEKDTGIKVTVEHPDKLEEK,EGKLVIWINGDKGYNGLAEVGKKFEKDTGIKVTVEHPDKLE
336,11768;11565;12551;11600,154650497;154638395;154625832;154644975;154631262;154644944;154638870,"A","PDBID|CHAIN|SEQUENCE",false,"A","PDBID|CHAIN|SEQUENCE",false,137,207,20.504935510046202,false,true,false,false,7,4,Within,0.0,,0.0,0.0,0.0,,0.0,0.0,,0,YNKDLLPNPPKTWEEIPALDKELKAKGKSALMFNLQEPYFT,GAKAGLTFLVDLIKNKHMNADTDYSIAEAAFNKGETAMTIN
350,13242;12347;12916,154666604;154633642;154663353;154654484,"A","PDBID|CHAIN|SEQUENCE",false,"A","PDBID|CHAIN|SEQUENCE",false,33,36,20.404977391133897,false,true,false,false,4,3,Within,0.0,,0.0,0.0,0.0,,0.0,0.0,,0,GDKGYNGLAEVGKKFEKDTGIKVTVEHPDKLEEKFPQVAAT,GYNGLAEVGKKFEKDTGIKVTVEHPDKLEEKFPQVAATGDG
319,11710;12054;12379,154668669;154620830;154668659;154672818;154668194;154655783,"A","PDBID|CHAIN|SEQUENCE",false,"A","PDBID|CHAIN|SEQUENCE",false,305,90,19.38824165752176,false,true,false,false,6,3,Within,0.0,,0.0,0.0,0.0,,0.0,0.0,,0,LTDEGLEAVNKDKPLGAVALKSYEEELAKDPRIAATMENAQ,YAQSGLLAEITPDKAFQDKLYPFTWDAVRYNGKLIAYPIAV
235,12010;11843,154659374;154679465;154623007,"A","PDBID|CHAIN|SEQUENCE",false,"A","PDBID|CHAIN|SEQUENCE",false,288,29,19.374685714312665,false,true,false,false,3,2,Within,0.0,,0.0,0.0,0.0,,0.0,0.0,,0,AASPNKELAKEFLENYLLTDEGLEAVNKDKPLGAVALKSYE,IWINGDKGYNGLAEVGKKFEKDTGIKVTVEHPDKLEEKFPQ
205,11769;12230;11722;11833,154641838;154650507;154664518;154647266;154679782,"A","PDBID|CHAIN|SEQUENCE",false,"A","PDBID|CHAIN|SEQUENCE",false,137,203,19.329107803239335,false,true,false,false,5,4,Within,0.0,,0.0,0.0,0.0,,0.0,0.0,,0,YNKDLLPNPPKTWEEIPALDKELKAKGKSALMFNLQEPYFT,VDNAGAKAGLTFLVDLIKNKHMNADTDYSIAEAAFNKGETA
355,11635;11620,154668398;154664199;154655082,"A","PDBID|CHAIN|SEQUENCE",false,"A","PDBID|CHAIN|SEQUENCE",false,208,201,18.87281183006293,false,true,false,false,3,2,Within,0.0,,0.0,0.0,0.0,,0.0,0.0,,0,AKAGLTFLVDLIKNKHMNADTDYSIAEAAFNKGETAMTING,VGVDNAGAKAGLTFLVDLIKNKHMNADTDYSIAEAAFNKGE
346,11793;12656,154638399;154647117;154672949;154673092,"A","PDBID|CHAIN|SEQUENCE",false,"A","PDBID|CHAIN|SEQUENCE",false,137,205,18.77832029378098,false,true,false,false,4,2,Within,0.0,,0.0,0.0,0.0,,0.0,0.0,,0,YNKDLLPNPPKTWEEIPALDKELKAKGKSALMFNLQEPYFT,NAGAKAGLTFLVDLIKNKHMNADTDYSIAEAAFNKGETAMT
396,13144;11853;11969,154653145;154633848;154667410;154629919,"A","PDBID|CHAIN|SEQUENCE",false,"A","PDBID|CHAIN|SEQUENCE",false,31,35,18.478076369457586,false,true,false,false,4,3,Within,0.0,,0.0,0.0,0.0,,0.0,0.0,,0,INGDKGYNGLAEVGKKFEKDTGIKVTVEHPDKLEEKFPQVA,KGYNGLAEVGKKFEKDTGIKVTVEHPDKLEEKFPQVAATGD
226,11787;12851,154683725;154624901;154632900,"A","PDBID|CHAIN|SEQUENCE",false,"A","PDBID|CHAIN|SEQUENCE",false,16,297,18.23918388648622,false,true,false,false,3,2,Within,0.0,,0.0,0.0,0.0,,0.0,0.0,,0,.....KIEEGKLVIWINGDKGYNGLAEVGKKFEKDTGIKVT,KEFLENYLLTDEGLEAVNKDKPLGAVALKSYEEELAKDPRI
345,12480;12705,154635179;154613715;154634657,"A","PDBID|CHAIN|SEQUENCE",false,"A","PDBID|CHAIN|SEQUENCE",false,46,41,18.163433449103877,false,true,false,false,3,2,Within,0.0,,0.0,0.0,0.0,,0.0,0.0,,0,KFEKDTGIKVTVEHPDKLEEKFPQVAATGDGPDIIFWAHDR,AEVGKKFEKDTGIKVTVEHPDKLEEKFPQVAATGDGPDIIF
404,11749;11706;11753;11723,154685463;154627494;154644142;154630188;154633671;154675890,"A","PDBID|CHAIN|SEQUENCE",false,"A","PDBID|CHAIN|SEQUENCE",false,307,304,17.437057878070107,false,true,false,false,6,4,Within,0.0,,0.0,0.0,0.0,,0.0,0.0,,0,DEGLEAVNKDKPLGAVALKSYEEELAKDPRIAATMENAQKG,LLTDEGLEAVNKDKPLGAVALKSYEEELAKDPRIAATMENA
241,11888;11780;12099;11900,154629449;154604147;154643786;154666666;154633015;154637104;154627065;154675085,"A","PDBID|CHAIN|SEQUENCE",false,"A","PDBID|CHAIN|SEQUENCE",false,29,23,16.92396064163679,false,true,false,false,8,4,Within,0.0,,0.0,0.0,0.0,,0.0,0.0,,0,IWINGDKGYNGLAEVGKKFEKDTGIKVTVEHPDKLEEKFPQ,EEGKLVIWINGDKGYNGLAEVGKKFEKDTGIKVTVEHPDKL
357,12974;12783;12013,154652891;154633514;154675234;154678463,"A","PDBID|CHAIN|SEQUENCE",false,"A","PDBID|CHAIN|SEQUENCE",false,24,29,16.749904292818936,false,true,false,false,4,3,Within,0.0,,0.0,0.0,0.0,,0.0,0.0,,0,EGKLVIWINGDKGYNGLAEVGKKFEKDTGIKVTVEHPDKLE,IWINGDKGYNGLAEVGKKFEKDTGIKVTVEHPDKLEEKFPQ
374,12134;12055;11521,154647261;154634760;154672959;154638409;154668546;154668496,"A","PDBID|CHAIN|SEQUENCE",false,"A","PDBID|CHAIN|SEQUENCE",false,138,208,16.271409370036753,false,true,false,false,6,3,Within,0.0,,0.0,0.0,0.0,,0.0,0.0,,0,NKDLLPNPPKTWEEIPALDKELKAKGKSALMFNLQEPYFTW,AKAGLTFLVDLIKNKHMNADTDYSIAEAAFNKGETAMTING
290,12184;12431;11736,154655418;154638120;154611092;154673158,"A","PDBID|CHAIN|SEQUENCE",false,"A","PDBID|CHAIN|SEQUENCE",false,305,89,16.014108509648942,false,true,false,false,4,3,Within,0.0,,0.0,0.0,0.0,,0.0,0.0,,0,LTDEGLEAVNKDKPLGAVALKSYEEELAKDPRIAATMENAQ,GYAQSGLLAEITPDKAFQDKLYPFTWDAVRYNGKLIAYPIA
389,13429;12193,154677279;154637770,"A","PDBID|CHAIN|SEQUENCE",false,"A","PDBID|CHAIN|SEQUENCE",false,17,44,15.491070210016133,false,true,false,false,2,2,Within,0.0,,0.0,0.0,0.0,,0.0,0.0,,0,....KIEEGKLVIWINGDKGYNGLAEVGKKFEKDTGIKVTV,GKKFEKDTGIKVTVEHPDKLEEKFPQVAATGDGPDIIFWAH
349,11903;12583,154664373;154644831;154650833,"A","PDBID|CHAIN|SEQUENCE",false,"A","PDBID|CHAIN|SEQUENCE",false,47,36,15.39746069864424,false,true,false,false,3,2,Within,0.0,,0.0,0.0,0.0,,0.0,0.0,,0,FEKDTGIKVTVEHPDKLEEKFPQVAATGDGPDIIFWAHDRF,GYNGLAEVGKKFEKDTGIKVTVEHPDKLEEKFPQVAATGDG
223,11665;11685;12101;11637,154686492;154647256;154620831;154659757;154679777;154630761;154655791,"A","PDBID|CHAIN|SEQUENCE",false,"A","PDBID|CHAIN|SEQUENCE",false,137,209,15.338620706657668,false,true,false,false,7,4,Within,0.0,,0.0,0.0,0.0,,0.0,0.0,,0,YNKDLLPNPPKTWEEIPALDKELKAKGKSALMFNLQEPYFT,KAGLTFLVDLIKNKHMNADTDYSIAEAAFNKGETAMTINGP
483,12040,154646975;154620556,"A","PDBID|CHAIN|SEQUENCE",false,"A","PDBID|CHAIN|SEQUENCE",false,294,297,14.953203870353406,false,true,false,false,2,1,Within,0.0,,0.0,0.0,0.0,,0.0,0.0,,0,ELAKEFLENYLLTDEGLEAVNKDKPLGAVALKSYEEELAKD,KEFLENYLLTDEGLEAVNKDKPLGAVALKSYEEELAKDPRI
394,11877;12177;11698;11920,154642222;154634971;154613488;154673087;154644679;154638865;154625984,"A","PDBID|CHAIN|SEQUENCE",false,"A","PDBID|CHAIN|SEQUENCE",false,137,206,14.933866094106714,false,true,false,false,7,4,Within,0.0,,0.0,0.0,0.0,,0.0,0.0,,0,YNKDLLPNPPKTWEEIPALDKELKAKGKSALMFNLQEPYFT,AGAKAGLTFLVDLIKNKHMNADTDYSIAEAAFNKGETAMTI
343,11760;11680,154623236;154668557;154668583,"A","PDBID|CHAIN|SEQUENCE",false,"A","PDBID|CHAIN|SEQUENCE",false,238,240,14.87724388889678,false,true,false,false,3,2,Within,0.0,,0.0,0.0,0.0,,0.0,0.0,,0,NKGETAMTINGPWAWSNIDTSKVNYGVTVLPTFKGQPSKPF,GETAMTINGPWAWSNIDTSKVNYGVTVLPTFKGQPSKPFVG
437,13396;13392,154644816;154665066,"A","PDBID|CHAIN|SEQUENCE",false,"A","PDBID|CHAIN|SEQUENCE",false,46,36,14.771991869955821,false,true,false,false,2,2,Within,0.0,,0.0,0.0,0.0,,0.0,0.0,,0,KFEKDTGIKVTVEHPDKLEEKFPQVAATGDGPDIIFWAHDR,GYNGLAEVGKKFEKDTGIKVTVEHPDKLEEKFPQVAATGDG
380,12965;11973;13118,154633532;154641296;154641334;154639620,"A","PDBID|CHAIN|SEQUENCE",false,"A","PDBID|CHAIN|SEQUENCE",false,17,37,14.635859226927682,false,true,false,false,4,3,Within,0.0,,0.0,0.0,0.0,,0.0,0.0,,0,....KIEEGKLVIWINGDKGYNGLAEVGKKFEKDTGIKVTV,YNGLAEVGKKFEKDTGIKVTVEHPDKLEEKFPQVAATGDGP
388,12460;12808;12345,154604136;154649125;154607342,"A","PDBID|CHAIN|SEQUENCE",false,"A","PDBID|CHAIN|SEQUENCE",false,17,13,14.622451426850823,false,true,false,false,3,3,Within,0.0,,0.0,0.0,0.0,,0.0,0.0,,0,....KIEEGKLVIWINGDKGYNGLAEVGKKFEKDTGIKVTV,........KIEEGKLVIWINGDKGYNGLAEVGKKFEKDTGI
317,11975;11812;11737;11645,154686286;154605179;154615926;154638961;154638932;154676874,"A","PDBID|CHAIN|SEQUENCE",false,"A","PDBID|CHAIN|SEQUENCE",false,139,208,14.365844869539677,false,true,false,false,6,4,Within,0.0,,0.0,0.0,0.0,,0.0,0.0,,0,KDLLPNPPKTWEEIPALDKELKAKGKSALMFNLQEPYFTWP,AKAGLTFLVDLIKNKHMNADTDYSIAEAAFNKGETAMTING
324,11734;11948,154620571;154641594;154672778,"A","PDBID|CHAIN|SEQUENCE",false,"A","PDBID|CHAIN|SEQUENCE",false,127,322,14.347037011943046,false,true,false,false,3,2,Within,0.0,,0.0,0.0,0.0,,0.0,0.0,,0,PIAVEALSLIYNKDLLPNPPKTWEEIPALDKELKAKGKSAL,VALKSYEEELAKDPRIAATMENAQKGEIMPNIPQMSAFWYA
348,12825;11533;12686,154685646;154661959;154636860;154640745,"A","PDBID|CHAIN|SEQUENCE",false,"A","PDBID|CHAIN|SEQUENCE",false,21,29,14.214027634741512,false,true,false,false,4,3,Within,0.0,,0.0,0.0,0.0,,0.0,0.0,,0,KIEEGKLVIWINGDKGYNGLAEVGKKFEKDTGIKVTVEHPD,IWINGDKGYNGLAEVGKKFEKDTGIKVTVEHPDKLEEKFPQ
400,12596;11647,154642467;154613080;154675750,"A","PDBID|CHAIN|SEQUENCE",false,"A","PDBID|CHAIN|SEQUENCE",false,17,38,14.17010924341693,false,true,false,false,3,2,Within,0.0,,0.0,0.0,0.0,,0.0,0.0,,0,....KIEEGKLVIWINGDKGYNGLAEVGKKFEKDTGIKVTV,NGLAEVGKKFEKDTGIKVTVEHPDKLEEKFPQVAATGDGPD
361,12507;12170,154633160;154610083;154633349,"A","PDBID|CHAIN|SEQUENCE",false,"A","PDBID|CHAIN|SEQUENCE",false,23,26,14.135682903261218,false,true,false,false,3,2,Within,0.0,,0.0,0.0,0.0,,0.0,0.0,,0,EEGKLVIWINGDKGYNGLAEVGKKFEKDTGIKVTVEHPDKL,KLVIWINGDKGYNGLAEVGKKFEKDTGIKVTVEHPDKLEEK
410,11875;11696,154678702;154643681,"A","PDBID|CHAIN|SEQUENCE",false,"A","PDBID|CHAIN|SEQUENCE",false,17,14,13.750754803739724,false,true,false,false,2,2,Within,0.0,,0.0,0.0,0.0,,0.0,0.0,,0,....KIEEGKLVIWINGDKGYNGLAEVGKKFEKDTGIKVTV,.......KIEEGKLVIWINGDKGYNGLAEVGKKFEKDTGIK
353,11792;12200,154633697;154653233,"A","PDBID|CHAIN|SEQUENCE",false,"A","PDBID|CHAIN|SEQUENCE",false,188,193,13.750470881951019,false,true,false,false,2,2,Within,0.0,,0.0,0.0,0.0,,0.0,0.0,,0,AFKYENGKYDIKDVGVDNAGAKAGLTFLVDLIKNKHMNADT,NGKYDIKDVGVDNAGAKAGLTFLVDLIKNKHMNADTDYSIA
475,12637,154650559;154650604,"A","PDBID|CHAIN|SEQUENCE",false,"A","PDBID|CHAIN|SEQUENCE",false,47,90,13.59843451464576,false,true,false,false,2,1,Within,0.0,,0.0,0.0,0.0,,0.0,0.0,,0,FEKDTGIKVTVEHPDKLEEKFPQVAATGDGPDIIFWAHDRF,YAQSGLLAEITPDKAFQDKLYPFTWDAVRYNGKLIAYPIAV
474,11824,154640677;154627112,"A","PDBID|CHAIN|SEQUENCE",false,"A","PDBID|CHAIN|SEQUENCE",false,17,297,13.546975076467382,false,true,false,false,2,1,Within,0.0,,0.0,0.0,0.0,,0.0,0.0,,0,....KIEEGKLVIWINGDKGYNGLAEVGKKFEKDTGIKVTV,KEFLENYLLTDEGLEAVNKDKPLGAVALKSYEEELAKDPRI
210,11721;11731,154638604;154641913;154650578;154660082,"A","PDBID|CHAIN|SEQUENCE",false,"A","PDBID|CHAIN|SEQUENCE",false,301,90,13.193038410864942,false,true,false,false,4,2,Within,0.0,,0.0,0.0,0.0,,0.0,0.0014064697609001407,,0,ENYLLTDEGLEAVNKDKPLGAVALKSYEEELAKDPRIAATM,YAQSGLLAEITPDKAFQDKLYPFTWDAVRYNGKLIAYPIAV
204,11690;12323,154659834;154682578,"A","PDBID|CHAIN|SEQUENCE",false,"A","PDBID|CHAIN|SEQUENCE",false,313,90,12.922169743920918,false,true,false,false,2,2,Within,0.0,,0.0,0.0,0.0,,0.0,0.0,,0,VNKDKPLGAVALKSYEEELAKDPRIAATMENAQKGEIMPNI,YAQSGLLAEITPDKAFQDKLYPFTWDAVRYNGKLIAYPIAV
466,11681,154681826;154619882;154607079,"A","PDBID|CHAIN|SEQUENCE",false,"A","PDBID|CHAIN|SEQUENCE",false,29,25,12.791364969492241,false,true,false,false,3,1,Within,0.0,,0.0,0.0,0.0,,0.0,0.0,,0,IWINGDKGYNGLAEVGKKFEKDTGIKVTVEHPDKLEEKFPQ,GKLVIWINGDKGYNGLAEVGKKFEKDTGIKVTVEHPDKLEE
373,11782;11709,154681893;154667615,"A","PDBID|CHAIN|SEQUENCE",false,"A","PDBID|CHAIN|SEQUENCE",false,128,126,12.283392549634403,false,true,false,false,2,2,Within,0.0,,0.0,0.0,0.0,,0.0,0.0,,0,IAVEALSLIYNKDLLPNPPKTWEEIPALDKELKAKGKSALM,YPIAVEALSLIYNKDLLPNPPKTWEEIPALDKELKAKGKSA
463,12106,154663007;154672253,"A","PDBID|CHAIN|SEQUENCE",false,"A","PDBID|CHAIN|SEQUENCE",false,24,42,12.258467758472165,false,true,false,false,2,1,Within,0.0,,0.0,0.0,0.0,,0.0,0.0,,0,EGKLVIWINGDKGYNGLAEVGKKFEKDTGIKVTVEHPDKLE,EVGKKFEKDTGIKVTVEHPDKLEEKFPQVAATGDGPDIIFW
259,11825;11691,154623227;154618362,"A","PDBID|CHAIN|SEQUENCE",false,"A","PDBID|CHAIN|SEQUENCE",false,238,241,12.234932093514331,false,true,false,false,2,2,Within,0.0,,0.0,0.0,0.0,,0.0,0.0,,0,NKGETAMTINGPWAWSNIDTSKVNYGVTVLPTFKGQPSKPF,ETAMTINGPWAWSNIDTSKVNYGVTVLPTFKGQPSKPFVGV
232,11828;12004;11740,154607924;154667760;154633906;154638579,"A","PDBID|CHAIN|SEQUENCE",false,"A","PDBID|CHAIN|SEQUENCE",false,312,90,12.217363703354287,false,true,false,false,4,3,Within,0.0,,0.0,0.0,0.0,,0.0,0.0,,0,AVNKDKPLGAVALKSYEEELAKDPRIAATMENAQKGEIMPN,YAQSGLLAEITPDKAFQDKLYPFTWDAVRYNGKLIAYPIAV
330,12026;12490,154637369;154615372,"A","PDBID|CHAIN|SEQUENCE",false,"A","PDBID|CHAIN|SEQUENCE",false,313,304,12.042264420044056,false,true,false,false,2,2,Within,0.0,,0.0,0.0,0.0,,0.0,0.0,,0,VNKDKPLGAVALKSYEEELAKDPRIAATMENAQKGEIMPNI,LLTDEGLEAVNKDKPLGAVALKSYEEELAKDPRIAATMENA
276,12648;11581;12096,154654783;154644795;154659839;154659092,"A","PDBID|CHAIN|SEQUENCE",false,"A","PDBID|CHAIN|SEQUENCE",false,308,90,11.904724895024161,false,true,false,false,4,3,Within,0.0,,0.0,0.0,0.0,,0.0,0.0,,0,EGLEAVNKDKPLGAVALKSYEEELAKDPRIAATMENAQKGE,YAQSGLLAEITPDKAFQDKLYPFTWDAVRYNGKLIAYPIAV
260,11856;11892,154641575;154641583;154668629,"A","PDBID|CHAIN|SEQUENCE",false,"A","PDBID|CHAIN|SEQUENCE",false,300,90,11.865638821749558,false,true,false,false,3,2,Within,0.0,,0.0,0.0,0.0,,0.0,0.0,,0,LENYLLTDEGLEAVNKDKPLGAVALKSYEEELAKDPRIAAT,YAQSGLLAEITPDKAFQDKLYPFTWDAVRYNGKLIAYPIAV
168,12000;11478,154626151;154608034;154630673,"A","PDBID|CHAIN|SEQUENCE",false,"A","PDBID|CHAIN|SEQUENCE",false,134,208,11.737826200168895,false,true,false,false,3,2,Within,0.0,,0.0,0.0,0.0,,0.0,0.0,,0,SLIYNKDLLPNPPKTWEEIPALDKELKAKGKSALMFNLQEP,AKAGLTFLVDLIKNKHMNADTDYSIAEAAFNKGETAMTING
360,12521;12813,154613085;154672449,"A","PDBID|CHAIN|SEQUENCE",false,"A","PDBID|CHAIN|SEQUENCE",false,16,36,11.678815156639736,false,true,false,false,2,2,Within,0.0,,0.0,0.0,0.0,,0.0,0.0,,0,.....KIEEGKLVIWINGDKGYNGLAEVGKKFEKDTGIKVT,GYNGLAEVGKKFEKDTGIKVTVEHPDKLEEKFPQVAATGDG
369,12027;11955,154605724;154651748,"A","PDBID|CHAIN|SEQUENCE",false,"A","PDBID|CHAIN|SEQUENCE",false,104,73,11.663479500286535,false,true,false,false,2,2,Within,0.0,,0.0,0.0,0.0,,0.0,0.0,,0,AFQDKLYPFTWDAVRYNGKLIAYPIAVEALSLIYNKDLLPN,TGDGPDIIFWAHDRFGGYAQSGLLAEITPDKAFQDKLYPFT
460,11613,154650753;154683278,"A","PDBID|CHAIN|SEQUENCE",false,"A","PDBID|CHAIN|SEQUENCE",false,82,88,11.643941805186307,false,true,false,false,2,1,Within,0.0,,0.0,0.0,0.0,,0.0,0.0,,0,WAHDRFGGYAQSGLLAEITPDKAFQDKLYPFTWDAVRYNGK,GGYAQSGLLAEITPDKAFQDKLYPFTWDAVRYNGKLIAYPI
457,11727,154650024;154679401,"A","PDBID|CHAIN|SEQUENCE",false,"A","PDBID|CHAIN|SEQUENCE",false,120,117,11.50116488788707,false,true,false,false,2,1,Within,0.0,,0.0,0.0,0.0,,0.0,0.0,,0,NGKLIAYPIAVEALSLIYNKDLLPNPPKTWEEIPALDKELK,VRYNGKLIAYPIAVEALSLIYNKDLLPNPPKTWEEIPALDK
199,12865;11700,154655448;154630897,"A","PDBID|CHAIN|SEQUENCE",false,"A","PDBID|CHAIN|SEQUENCE",false,303,90,11.403861338623372,false,true,false,false,2,2,Within,0.0,,0.0,0.0,0.0,,0.0,0.0,,0,YLLTDEGLEAVNKDKPLGAVALKSYEEELAKDPRIAATMEN,YAQSGLLAEITPDKAFQDKLYPFTWDAVRYNGKLIAYPIAV
257,11735;11972,154664172;154659815,"A","PDBID|CHAIN|SEQUENCE",false,"A","PDBID|CHAIN|SEQUENCE",false,237,240,11.356427431183997,false,true,false,false,2,2,Within,0.0,,0.0,0.0,0.0,,0.0,0.0,,0,FNKGETAMTINGPWAWSNIDTSKVNYGVTVLPTFKGQPSKP,GETAMTINGPWAWSNIDTSKVNYGVTVLPTFKGQPSKPFVG
328,12478;12838,154679536;154634250,"A","PDBID|CHAIN|SEQUENCE",false,"A","PDBID|CHAIN|SEQUENCE",false,328,320,11.32136546322946,false,true,false,false,2,2,Within,0.0,,0.0,0.0,0.0,,0.0,0.0,,0,EEELAKDPRIAATMENAQKGEIMPNIPQMSAFWYAVRTAVI,GAVALKSYEEELAKDPRIAATMENAQKGEIMPNIPQMSAFW
455,11971,154653156;154653236,"A","PDBID|CHAIN|SEQUENCE",false,"A","PDBID|CHAIN|SEQUENCE",false,136,140,11.236328271845013,false,true,false,false,2,1,Within,0.0,,0.0,0.0,0.0,,0.0,0.0,,0,IYNKDLLPNPPKTWEEIPALDKELKAKGKSALMFNLQEPYF,DLLPNPPKTWEEIPALDKELKAKGKSALMFNLQEPYFTWPL
303,12247;12420;12086,154622631;154658175;154633075,"A","PDBID|CHAIN|SEQUENCE",false,"A","PDBID|CHAIN|SEQUENCE",false,22,26,11.202967823205276,false,true,false,false,3,3,Within,0.0,,0.0,0.0,0.0,,0.0,0.0,,0,IEEGKLVIWINGDKGYNGLAEVGKKFEKDTGIKVTVEHPDK,KLVIWINGDKGYNGLAEVGKKFEKDTGIKVTVEHPDKLEEK
302,12737;12234,154646588;154625457,"A","PDBID|CHAIN|SEQUENCE",false,"A","PDBID|CHAIN|SEQUENCE",false,17,35,10.98603042217099,false,true,false,false,2,2,Within,0.0,,0.0,0.0,0.0,,0.0,0.0,,0,....KIEEGKLVIWINGDKGYNGLAEVGKKFEKDTGIKVTV,KGYNGLAEVGKKFEKDTGIKVTVEHPDKLEEKFPQVAATGD
447,11822,154634747;154650804,"A","PDBID|CHAIN|SEQUENCE",false,"A","PDBID|CHAIN|SEQUENCE",false,46,38,10.606139242375361,false,true,false,false,2,1,Within,0.0,,0.0,0.0,0.0,,0.0,0.0,,0,KFEKDTGIKVTVEHPDKLEEKFPQVAATGDGPDIIFWAHDR,NGLAEVGKKFEKDTGIKVTVEHPDKLEEKFPQVAATGDGPD
445,12074,154682807;154682817,"A","PDBID|CHAIN|SEQUENCE",false,"A","PDBID|CHAIN|SEQUENCE",false,24,34,10.55781269266983,false,true,false,false,2,1,Within,0.0,,0.0,0.0,0.0,,0.0,0.0,,0,EGKLVIWINGDKGYNGLAEVGKKFEKDTGIKVTVEHPDKLE,DKGYNGLAEVGKKFEKDTGIKVTVEHPDKLEEKFPQVAATG
443,12326,154629546,"A","PDBID|CHAIN|SEQUENCE",false,"A","PDBID|CHAIN|SEQUENCE",false,28,25,10.503902848504783,false,true,false,false,1,1,Within,0.0,,0.0,0.0,0.0,,0.0,0.0,,0,VIWINGDKGYNGLAEVGKKFEKDTGIKVTVEHPDKLEEKFP,GKLVIWINGDKGYNGLAEVGKKFEKDTGIKVTVEHPDKLEE
442,13237,154669989,"A","PDBID|CHAIN|SEQUENCE",false,"A","PDBID|CHAIN|SEQUENCE",false,78,102,10.471877427672625,false,true,false,false,1,1,Within,0.0,,0.0,0.0,0.0,,0.0,0.0,,0,DIIFWAHDRFGGYAQSGLLAEITPDKAFQDKLYPFTWDAVR,DKAFQDKLYPFTWDAVRYNGKLIAYPIAVEALSLIYNKDLL
440,12525,154633124;154649003,"A","PDBID|CHAIN|SEQUENCE",false,"A","PDBID|CHAIN|SEQUENCE",false,30,25,10.458530325135941,false,true,false,false,2,1,Within,0.0,,0.0,0.0,0.0,,0.0,0.0,,0,WINGDKGYNGLAEVGKKFEKDTGIKVTVEHPDKLEEKFPQV,GKLVIWINGDKGYNGLAEVGKKFEKDTGIKVTVEHPDKLEE
313,11872;11862,154638470;154664210,"A","PDBID|CHAIN|SEQUENCE",false,"A","PDBID|CHAIN|SEQUENCE",false,233,240,10.395356128269542,false,true,false,false,2,2,Within,0.0,,0.0,0.0,0.0,,0.0,0.0,,0,AEAAFNKGETAMTINGPWAWSNIDTSKVNYGVTVLPTFKGQ,GETAMTINGPWAWSNIDTSKVNYGVTVLPTFKGQPSKPFVG
434,12110,154648951,"A","PDBID|CHAIN|SEQUENCE",false,"A","PDBID|CHAIN|SEQUENCE",false,193,187,10.279922626678395,false,true,false,false,1,1,Within,0.0,,0.0,0.0,0.0,,0.0,0.0,,0,NGKYDIKDVGVDNAGAKAGLTFLVDLIKNKHMNADTDYSIA,YAFKYENGKYDIKDVGVDNAGAKAGLTFLVDLIKNKHMNAD
424,12985,154641243,"A","PDBID|CHAIN|SEQUENCE",false,"A","PDBID|CHAIN|SEQUENCE",false,25,39,9.922006770100339,false,true,false,false,1,1,Within,0.0,,0.0,0.0,0.0,,0.0,0.0,,0,GKLVIWINGDKGYNGLAEVGKKFEKDTGIKVTVEHPDKLEE,GLAEVGKKFEKDTGIKVTVEHPDKLEEKFPQVAATGDGPDI
254,12465;11954,154634471;154669194,"A","PDBID|CHAIN|SEQUENCE",false,"A","PDBID|CHAIN|SEQUENCE",false,137,204,9.91137736429854,false,true,false,false,2,2,Within,0.0,,0.0,0.0,0.0,,0.0,0.0,,0,YNKDLLPNPPKTWEEIPALDKELKAKGKSALMFNLQEPYFT,DNAGAKAGLTFLVDLIKNKHMNADTDYSIAEAAFNKGETAM
423,11618,154679768,"A","PDBID|CHAIN|SEQUENCE",false,"A","PDBID|CHAIN|SEQUENCE",false,253,249,9.900572308968044,false,true,false,false,1,1,Within,0.0,,0.0,0.0,0.0,,0.0,0.0,,0,SNIDTSKVNYGVTVLPTFKGQPSKPFVGVLSAGINAASPNK,PWAWSNIDTSKVNYGVTVLPTFKGQPSKPFVGVLSAGINAA
419,13307,154642472,"A","PDBID|CHAIN|SEQUENCE",false,"A","PDBID|CHAIN|SEQUENCE",false,16,46,9.70478254599994,false,true,false,false,1,1,Within,0.0,,0.0,0.0,0.0,,0.0,0.0,,0,.....KIEEGKLVIWINGDKGYNGLAEVGKKFEKDTGIKVT,KFEKDTGIKVTVEHPDKLEEKFPQVAATGDGPDIIFWAHDR
322,12176;12404,154604666;154663029,"A","PDBID|CHAIN|SEQUENCE",false,"A","PDBID|CHAIN|SEQUENCE",false,307,303,9.666077229581482,false,true,false,false,2,2,Within,0.0,,0.0,0.0,0.0,,0.0,0.0,,0,DEGLEAVNKDKPLGAVALKSYEEELAKDPRIAATMENAQKG,YLLTDEGLEAVNKDKPLGAVALKSYEEELAKDPRIAATMEN
418,13295,154664311,"A","PDBID|CHAIN|SEQUENCE",false,"A","PDBID|CHAIN|SEQUENCE",false,46,40,9.620205879625612,false,true,false,false,1,1,Within,0.0,,0.0,0.0,0.0,,0.0,0.0,,0,KFEKDTGIKVTVEHPDKLEEKFPQVAATGDGPDIIFWAHDR,LAEVGKKFEKDTGIKVTVEHPDKLEEKFPQVAATGDGPDII
296,11684;12127,154625602;154679480,"A","PDBID|CHAIN|SEQUENCE",false,"A","PDBID|CHAIN|SEQUENCE",false,127,325,9.592937080052714,false,true,false,false,2,2,Within,0.0,,0.0,0.0,0.0,,0.0,0.0,,0,PIAVEALSLIYNKDLLPNPPKTWEEIPALDKELKAKGKSAL,KSYEEELAKDPRIAATMENAQKGEIMPNIPQMSAFWYAVRT
287,11742;12365;12341,154634548;154664231;154650846;154663839,"A","PDBID|CHAIN|SEQUENCE",false,"A","PDBID|CHAIN|SEQUENCE",false,296,90,9.511327390612996,false,true,false,false,4,3,Within,0.0,,0.0,0.0,0.0,,0.0,0.0,,0,AKEFLENYLLTDEGLEAVNKDKPLGAVALKSYEEELAKDPR,YAQSGLLAEITPDKAFQDKLYPFTWDAVRYNGKLIAYPIAV
292,11764;11847,154622919;154634202,"A","PDBID|CHAIN|SEQUENCE",false,"A","PDBID|CHAIN|SEQUENCE",false,127,323,9.386129789948006,false,true,false,false,2,2,Within,0.0,,0.0,0.0,0.0,,0.0,0.0,,0,PIAVEALSLIYNKDLLPNPPKTWEEIPALDKELKAKGKSAL,ALKSYEEELAKDPRIAATMENAQKGEIMPNIPQMSAFWYAV
411,12475,154631357,"A","PDBID|CHAIN|SEQUENCE",false,"A","PDBID|CHAIN|SEQUENCE",false,70,104,9.277451067014354,false,true,false,false,1,1,Within,0.0,,0.0,0.0,0.0,,0.0,0.0,,0,VAATGDGPDIIFWAHDRFGGYAQSGLLAEITPDKAFQDKLY,AFQDKLYPFTWDAVRYNGKLIAYPIAVEALSLIYNKDLLPN
274,11898;12077,154686061;154655388,"A","PDBID|CHAIN|SEQUENCE",false,"A","PDBID|CHAIN|SEQUENCE",false,297,89,9.266228680325508,false,true,false,false,2,2,Within,0.0,,0.0,0.0,0.0,,0.0,0.0,,0,KEFLENYLLTDEGLEAVNKDKPLGAVALKSYEEELAKDPRI,GYAQSGLLAEITPDKAFQDKLYPFTWDAVRYNGKLIAYPIA
407,11717,154626539;154672645,"A","PDBID|CHAIN|SEQUENCE",false,"A","PDBID|CHAIN|SEQUENCE",false,25,34,9.186065865795204,false,true,false,false,2,1,Within,0.0,,0.0,0.0,0.0,,0.0,0.0,,0,GKLVIWINGDKGYNGLAEVGKKFEKDTGIKVTVEHPDKLEE,DKGYNGLAEVGKKFEKDTGIKVTVEHPDKLEEKFPQVAATG
295,12212;12037,154641539;154641326,"A","PDBID|CHAIN|SEQUENCE",false,"A","PDBID|CHAIN|SEQUENCE",false,25,37,9.119880835418602,false,true,false,false,2,2,Within,0.0,,0.0,0.0,0.0,,0.004739336492890996,7.49063670411985E-4,,0,GKLVIWINGDKGYNGLAEVGKKFEKDTGIKVTVEHPDKLEE,YNGLAEVGKKFEKDTGIKVTVEHPDKLEEKFPQVAATGDGP
403,13164,154672630,"A","PDBID|CHAIN|SEQUENCE",false,"A","PDBID|CHAIN|SEQUENCE",false,25,35,9.059060273266326,false,true,false,false,1,1,Within,0.0,,0.0,0.0,0.0,,0.0,0.0,,0,GKLVIWINGDKGYNGLAEVGKKFEKDTGIKVTVEHPDKLEE,KGYNGLAEVGKKFEKDTGIKVTVEHPDKLEEKFPQVAATGD
402,12910,154656143,"A","PDBID|CHAIN|SEQUENCE",false,"A","PDBID|CHAIN|SEQUENCE",false,44,36,9.026009586597578,false,true,false,false,1,1,Within,0.0,,0.0,0.0,0.0,,0.0,0.0,,0,GKKFEKDTGIKVTVEHPDKLEEKFPQVAATGDGPDIIFWAH,GYNGLAEVGKKFEKDTGIKVTVEHPDKLEEKFPQVAATGDG
268,11838;12217,154618117;154644452,"A","PDBID|CHAIN|SEQUENCE",false,"A","PDBID|CHAIN|SEQUENCE",false,126,320,8.913901699475261,false,true,false,false,2,2,Within,0.0,,0.0,0.0,0.0,,0.004739336492890996,7.49063670411985E-4,,0,YPIAVEALSLIYNKDLLPNPPKTWEEIPALDKELKAKGKSA,GAVALKSYEEELAKDPRIAATMENAQKGEIMPNIPQMSAFW
216,11745;12042,154630817;154634575,"A","PDBID|CHAIN|SEQUENCE",false,"A","PDBID|CHAIN|SEQUENCE",false,238,242,8.909972184518526,false,true,false,false,2,2,Within,0.0,,0.0,0.0,0.0,,0.004739336492890996,7.49063670411985E-4,,0,NKGETAMTINGPWAWSNIDTSKVNYGVTVLPTFKGQPSKPF,TAMTINGPWAWSNIDTSKVNYGVTVLPTFKGQPSKPFVGVL
248,12122;11913;12215,154623164;154625970;154664150,"A","PDBID|CHAIN|SEQUENCE",false,"A","PDBID|CHAIN|SEQUENCE",false,137,208,8.905985208245966,false,true,false,false,3,3,Within,0.0,,0.0,0.0,0.0,,0.004739336492890996,7.49063670411985E-4,,0,YNKDLLPNPPKTWEEIPALDKELKAKGKSALMFNLQEPYFT,AKAGLTFLVDLIKNKHMNADTDYSIAEAAFNKGETAMTING
399,12823,154608291,"A","PDBID|CHAIN|SEQUENCE",false,"A","PDBID|CHAIN|SEQUENCE",false,81,88,8.898207933395259,false,true,false,false,1,1,Within,0.0,,0.0,0.0,0.0,,0.0,0.0,,0,FWAHDRFGGYAQSGLLAEITPDKAFQDKLYPFTWDAVRYNG,GGYAQSGLLAEITPDKAFQDKLYPFTWDAVRYNGKLIAYPI
293,11901;11670,154667765;154615952;154605283,"A","PDBID|CHAIN|SEQUENCE",false,"A","PDBID|CHAIN|SEQUENCE",false,306,90,8.825420392322757,false,true,false,false,3,2,Within,0.0,,0.0,0.0,0.0,,0.004739336492890996,7.49063670411985E-4,,0,TDEGLEAVNKDKPLGAVALKSYEEELAKDPRIAATMENAQK,YAQSGLLAEITPDKAFQDKLYPFTWDAVRYNGKLIAYPIAV
285,12186;12085,154638574;154642851,"A","PDBID|CHAIN|SEQUENCE",false,"A","PDBID|CHAIN|SEQUENCE",false,309,90,8.747994159237832,false,true,false,false,2,2,Within,0.0,,0.0,0.0,0.0,,0.004739336492890996,0.0,,0,GLEAVNKDKPLGAVALKSYEEELAKDPRIAATMENAQKGEI,YAQSGLLAEITPDKAFQDKLYPFTWDAVRYNGKLIAYPIAV
395,12066,154641776,"A","PDBID|CHAIN|SEQUENCE",false,"A","PDBID|CHAIN|SEQUENCE",false,127,245,8.736020919404444,false,true,false,false,1,1,Within,0.0,,0.0,0.0,0.0,,0.0,0.0,,0,PIAVEALSLIYNKDLLPNPPKTWEEIPALDKELKAKGKSAL,TINGPWAWSNIDTSKVNYGVTVLPTFKGQPSKPFVGVLSAG
392,13062,154608917,"A","PDBID|CHAIN|SEQUENCE",false,"A","PDBID|CHAIN|SEQUENCE",false,78,99,8.667816316459666,false,true,false,false,1,1,Within,0.0,,0.0,0.0,0.0,,0.0,0.0,,0,DIIFWAHDRFGGYAQSGLLAEITPDKAFQDKLYPFTWDAVR,ITPDKAFQDKLYPFTWDAVRYNGKLIAYPIAVEALSLIYNK
387,12124,154620829,"A","PDBID|CHAIN|SEQUENCE",false,"A","PDBID|CHAIN|SEQUENCE",false,252,249,8.600754070977029,false,true,false,false,1,1,Within,0.0,,0.0,0.0,0.0,,0.0,0.0,,0,WSNIDTSKVNYGVTVLPTFKGQPSKPFVGVLSAGINAASPN,PWAWSNIDTSKVNYGVTVLPTFKGQPSKPFVGVLSAGINAA
385,13002,154628359,"A","PDBID|CHAIN|SEQUENCE",false,"A","PDBID|CHAIN|SEQUENCE",false,70,103,8.49991550638393,false,true,false,false,1,1,Within,0.0,,0.0,0.0,0.0,,0.0,0.0,,0,VAATGDGPDIIFWAHDRFGGYAQSGLLAEITPDKAFQDKLY,KAFQDKLYPFTWDAVRYNGKLIAYPIAVEALSLIYNKDLLP
383,11614,154605278;154630911;154608191,"A","PDBID|CHAIN|SEQUENCE",false,"A","PDBID|CHAIN|SEQUENCE",false,298,90,8.400428752059973,false,true,false,false,3,1,Within,0.0,,0.0,0.0,0.0,,0.0,0.0014064697609001407,,0,EFLENYLLTDEGLEAVNKDKPLGAVALKSYEEELAKDPRIA,YAQSGLLAEITPDKAFQDKLYPFTWDAVRYNGKLIAYPIAV
160,11517;11777;11648;11508,154639202;154661375;154626262;154642403;154683648,"A","PDBID|CHAIN|SEQUENCE",false,"A","PDBID|CHAIN|SEQUENCE",false,222,218,8.3433010879025,false,true,false,false,5,4,Within,0.0,,0.0,0.0,0.0,,0.008888888888888889,0.0,,0,KHMNADTDYSIAEAAFNKGETAMTINGPWAWSNIDTSKVNY,LIKNKHMNADTDYSIAEAAFNKGETAMTINGPWAWSNIDTS
379,12638,154620810,"A","PDBID|CHAIN|SEQUENCE",false,"A","PDBID|CHAIN|SEQUENCE",false,47,93,8.314824823035385,false,true,false,false,1,1,Within,0.0,,0.0,0.0,0.0,,0.0,0.0,,0,FEKDTGIKVTVEHPDKLEEKFPQVAATGDGPDIIFWAHDRF,SGLLAEITPDKAFQDKLYPFTWDAVRYNGKLIAYPIAVEAL
378,12955,154650194,"A","PDBID|CHAIN|SEQUENCE",false,"A","PDBID|CHAIN|SEQUENCE",false,189,359,8.310846391252692,false,true,false,false,1,1,Within,0.0,,0.0,0.0,0.0,,0.0,0.0,,0,FKYENGKYDIKDVGVDNAGAKAGLTFLVDLIKNKHMNADTD,FWYAVRTAVINAASGRQTVDEALKDAQTRITK.........
212,12067;11758,154654395;154615975,"A","PDBID|CHAIN|SEQUENCE",false,"A","PDBID|CHAIN|SEQUENCE",false,314,90,8.214001967291537,false,true,false,false,2,2,Within,0.0,,0.0,0.0,0.0,,0.008888888888888889,0.0014064697609001407,,0,NKDKPLGAVALKSYEEELAKDPRIAATMENAQKGEIMPNIP,YAQSGLLAEITPDKAFQDKLYPFTWDAVRYNGKLIAYPIAV
503,13995,154628980,"A","PDBID|CHAIN|SEQUENCE",false,"A","PDBID|CHAIN|SEQUENCE",false,189,358,8.179923500943286,false,true,false,false,1,1,Within,0.0,,0.0,0.0,0.0,,0.0,0.0,,0,FKYENGKYDIKDVGVDNAGAKAGLTFLVDLIKNKHMNADTD,AFWYAVRTAVINAASGRQTVDEALKDAQTRITK........
371,12874,154615219,"A","PDBID|CHAIN|SEQUENCE",false,"A","PDBID|CHAIN|SEQUENCE",false,175,180,8.095710283521994,false,true,false,false,1,1,Within,0.0,,0.0,0.0,0.0,,0.0,0.0,,0,YFTWPLIAADGGYAFKYENGKYDIKDVGVDNAGAKAGLTFL,LIAADGGYAFKYENGKYDIKDVGVDNAGAKAGLTFLVDLIK
364,12824,154633911,"A","PDBID|CHAIN|SEQUENCE",false,"A","PDBID|CHAIN|SEQUENCE",false,313,89,7.971552974582586,false,true,false,false,1,1,Within,0.0,,0.0,0.0,0.0,,0.0,0.0,,0,VNKDKPLGAVALKSYEEELAKDPRIAATMENAQKGEIMPNI,GYAQSGLLAEITPDKAFQDKLYPFTWDAVRYNGKLIAYPIA
363,12822,154611154,"A","PDBID|CHAIN|SEQUENCE",false,"A","PDBID|CHAIN|SEQUENCE",false,83,89,7.963629299283002,false,true,false,false,1,1,Within,0.0,,0.0,0.0,0.0,,0.0,0.0,,0,AHDRFGGYAQSGLLAEITPDKAFQDKLYPFTWDAVRYNGKL,GYAQSGLLAEITPDKAFQDKLYPFTWDAVRYNGKLIAYPIA
358,12260,154633537,"A","PDBID|CHAIN|SEQUENCE",false,"A","PDBID|CHAIN|SEQUENCE",false,17,40,7.918127105320292,false,true,false,false,1,1,Within,0.0,,0.0,0.0,0.0,,0.0,0.0,,0,....KIEEGKLVIWINGDKGYNGLAEVGKKFEKDTGIKVTV,LAEVGKKFEKDTGIKVTVEHPDKLEEKFPQVAATGDGPDII
356,12577,154679032,"A","PDBID|CHAIN|SEQUENCE",false,"A","PDBID|CHAIN|SEQUENCE",false,17,41,7.885430516491612,false,true,false,false,1,1,Within,0.0,,0.0,0.0,0.0,,0.0,0.0,,0,....KIEEGKLVIWINGDKGYNGLAEVGKKFEKDTGIKVTV,AEVGKKFEKDTGIKVTVEHPDKLEEKFPQVAATGDGPDIIF
256,12003;11961,154659097;154680027,"A","PDBID|CHAIN|SEQUENCE",false,"A","PDBID|CHAIN|SEQUENCE",false,307,89,7.871442174620628,false,true,false,false,2,2,Within,0.0,,0.0,0.0,0.0,,0.011583011583011582,0.001850709438618137,,0,DEGLEAVNKDKPLGAVALKSYEEELAKDPRIAATMENAQKG,GYAQSGLLAEITPDKAFQDKLYPFTWDAVRYNGKLIAYPIA
354,11981,154680454;154639749,"A","PDBID|CHAIN|SEQUENCE",false,"A","PDBID|CHAIN|SEQUENCE",false,46,82,7.860607718643104,false,true,false,false,2,1,Within,0.0,,0.0,0.0,0.0,,0.0,0.0014064697609001407,,0,KFEKDTGIKVTVEHPDKLEEKFPQVAATGDGPDIIFWAHDR,WAHDRFGGYAQSGLLAEITPDKAFQDKLYPFTWDAVRYNGK
352,11977,154668432,"A","PDBID|CHAIN|SEQUENCE",false,"A","PDBID|CHAIN|SEQUENCE",false,291,313,7.773228602398778,false,true,false,false,1,1,Within,0.0,,0.0,0.0,0.0,,0.0,0.0,,0,PNKELAKEFLENYLLTDEGLEAVNKDKPLGAVALKSYEEEL,VNKDKPLGAVALKSYEEELAKDPRIAATMENAQKGEIMPNI
342,12621,154656262,"A","PDBID|CHAIN|SEQUENCE",false,"A","PDBID|CHAIN|SEQUENCE",false,36,43,7.499887407835412,false,true,false,false,1,1,Within,0.0,,0.0,0.0,0.0,,0.0,0.0,,0,GYNGLAEVGKKFEKDTGIKVTVEHPDKLEEKFPQVAATGDG,VGKKFEKDTGIKVTVEHPDKLEEKFPQVAATGDGPDIIFWA
340,12601,154644669,"A","PDBID|CHAIN|SEQUENCE",false,"A","PDBID|CHAIN|SEQUENCE",false,39,15,7.426654071515214,false,true,false,false,1,1,Within,0.0,,0.0,0.0,0.0,,0.0,0.0,,0,GLAEVGKKFEKDTGIKVTVEHPDKLEEKFPQVAATGDGPDI,......KIEEGKLVIWINGDKGYNGLAEVGKKFEKDTGIKV
339,12006,154671825,"A","PDBID|CHAIN|SEQUENCE",false,"A","PDBID|CHAIN|SEQUENCE",false,24,31,7.40381289476974,false,true,false,false,1,1,Within,0.0,,0.0,0.0,0.0,,0.0,0.0,,0,EGKLVIWINGDKGYNGLAEVGKKFEKDTGIKVTVEHPDKLE,INGDKGYNGLAEVGKKFEKDTGIKVTVEHPDKLEEKFPQVA
337,12060,154687496,"A","PDBID|CHAIN|SEQUENCE",false,"A","PDBID|CHAIN|SEQUENCE",false,21,26,7.306436421544734,false,true,false,false,1,1,Within,0.0,,0.0,0.0,0.0,,0.0,0.0,,0,KIEEGKLVIWINGDKGYNGLAEVGKKFEKDTGIKVTVEHPD,KLVIWINGDKGYNGLAEVGKKFEKDTGIKVTVEHPDKLEEK
334,12537,154626032,"A","PDBID|CHAIN|SEQUENCE",false,"A","PDBID|CHAIN|SEQUENCE",false,73,103,7.214047572085225,false,true,false,false,1,1,Within,0.0,,0.0,0.0,0.0,,0.0,0.0,,0,TGDGPDIIFWAHDRFGGYAQSGLLAEITPDKAFQDKLYPFT,KAFQDKLYPFTWDAVRYNGKLIAYPIAVEALSLIYNKDLLP
333,12533,154644103,"A","PDBID|CHAIN|SEQUENCE",false,"A","PDBID|CHAIN|SEQUENCE",false,29,44,7.20080134392759,false,true,false,false,1,1,Within,0.0,,0.0,0.0,0.0,,0.0,0.0,,0,IWINGDKGYNGLAEVGKKFEKDTGIKVTVEHPDKLEEKFPQ,GKKFEKDTGIKVTVEHPDKLEEKFPQVAATGDGPDIIFWAH
332,12526,154611533,"A","PDBID|CHAIN|SEQUENCE",false,"A","PDBID|CHAIN|SEQUENCE",false,69,102,7.172304384966057,false,true,false,false,1,1,Within,0.0,,0.0,0.0,0.0,,0.0,0.0,,0,QVAATGDGPDIIFWAHDRFGGYAQSGLLAEITPDKAFQDKL,DKAFQDKLYPFTWDAVRYNGKLIAYPIAVEALSLIYNKDLL
197,11810;11692;11827,154673163;154605793;154625628,"A","PDBID|CHAIN|SEQUENCE",false,"A","PDBID|CHAIN|SEQUENCE",false,90,299,7.143925466375241,false,true,false,false,3,3,Within,0.0,,0.0,0.0,0.0,,0.011583011583011582,0.001850709438618137,,0,YAQSGLLAEITPDKAFQDKLYPFTWDAVRYNGKLIAYPIAV,FLENYLLTDEGLEAVNKDKPLGAVALKSYEEELAKDPRIAA
326,12429,154672693,"A","PDBID|CHAIN|SEQUENCE",false,"A","PDBID|CHAIN|SEQUENCE",false,189,360,6.907035305395164,false,true,false,false,1,1,Within,0.0,,0.0,0.0,0.0,,0.0,0.0,,0,FKYENGKYDIKDVGVDNAGAKAGLTFLVDLIKNKHMNADTD,WYAVRTAVINAASGRQTVDEALKDAQTRITK..........
325,12125,154607091,"A","PDBID|CHAIN|SEQUENCE",false,"A","PDBID|CHAIN|SEQUENCE",false,33,25,6.861453896219433,false,true,false,false,1,1,Within,0.0,,0.0,0.0,0.0,,0.0,0.0,,0,GDKGYNGLAEVGKKFEKDTGIKVTVEHPDKLEEKFPQVAAT,GKLVIWINGDKGYNGLAEVGKKFEKDTGIKVTVEHPDKLEE
320,11679,154660835,"A","PDBID|CHAIN|SEQUENCE",false,"A","PDBID|CHAIN|SEQUENCE",false,297,87,6.774054312130474,false,true,false,false,1,1,Within,0.0,,0.0,0.0,0.0,,0.0,0.0,,0,KEFLENYLLTDEGLEAVNKDKPLGAVALKSYEEELAKDPRI,FGGYAQSGLLAEITPDKAFQDKLYPFTWDAVRYNGKLIAYP
134,11818;11586,154608091;154651109,"A","PDBID|CHAIN|SEQUENCE",false,"A","PDBID|CHAIN|SEQUENCE",false,257,249,6.737838223180294,false,true,false,false,2,2,Within,0.0,,0.0,0.0,0.0,,0.011583011583011582,0.001850709438618137,,0,TSKVNYGVTVLPTFKGQPSKPFVGVLSAGINAASPNKELAK,PWAWSNIDTSKVNYGVTVLPTFKGQPSKPFVGVLSAGINAA
165,11594;11589,154613490;154634954,"A","PDBID|CHAIN|SEQUENCE",false,"A","PDBID|CHAIN|SEQUENCE",false,261,249,6.724742837502699,false,true,false,false,2,2,Within,0.0,,0.0,0.0,0.0,,0.014705882352941176,0.002396644697423607,,0,NYGVTVLPTFKGQPSKPFVGVLSAGINAASPNKELAKEFLE,PWAWSNIDTSKVNYGVTVLPTFKGQPSKPFVGVLSAGINAA
315,12339,154608623,"A","PDBID|CHAIN|SEQUENCE",false,"A","PDBID|CHAIN|SEQUENCE",false,68,106,6.644946893287728,false,true,false,false,1,1,Within,0.0,,0.0,0.0,0.0,,0.0,0.0,,0,PQVAATGDGPDIIFWAHDRFGGYAQSGLLAEITPDKAFQDK,QDKLYPFTWDAVRYNGKLIAYPIAVEALSLIYNKDLLPNPP
312,12305,154680154,"A","PDBID|CHAIN|SEQUENCE",false,"A","PDBID|CHAIN|SEQUENCE",false,68,102,6.580061862221203,false,true,false,false,1,1,Within,0.0,,0.0,0.0,0.0,,0.0,0.0,,0,PQVAATGDGPDIIFWAHDRFGGYAQSGLLAEITPDKAFQDK,DKAFQDKLYPFTWDAVRYNGKLIAYPIAVEALSLIYNKDLL
310,12293,154644439,"A","PDBID|CHAIN|SEQUENCE",false,"A","PDBID|CHAIN|SEQUENCE",false,22,31,6.533742209020383,false,true,false,false,1,1,Within,0.0,,0.0,0.0,0.0,,0.0,0.0,,0,IEEGKLVIWINGDKGYNGLAEVGKKFEKDTGIKVTVEHPDK,INGDKGYNGLAEVGKKFEKDTGIKVTVEHPDKLEEKFPQVA
309,12282,154669745,"A","PDBID|CHAIN|SEQUENCE",false,"A","PDBID|CHAIN|SEQUENCE",false,208,220,6.506679836652287,false,true,false,false,1,1,Within,0.0,,0.0,0.0,0.0,,0.0,0.0,,0,AKAGLTFLVDLIKNKHMNADTDYSIAEAAFNKGETAMTING,KNKHMNADTDYSIAEAAFNKGETAMTINGPWAWSNIDTSKV
308,12273,154669405,"A","PDBID|CHAIN|SEQUENCE",false,"DECOY:A","DECOY:PDBID|CHAIN|SEQUENCE",true,47,340,6.484119941933747,true,false,true,false,1,1,Within,0.007518796992481203,,0.0,1.0,1.999999943436137E-9,,0.004739336492890996,7.49063670411985E-4,,21,FEKDTGIKVTVEHPDKLEEKFPQVAATGDGPDIIFWAHDRF,AVQPFKEELKDPHEVTVKIGTDKEFKKGVEALGNYGKDGNI
307,12267,154607470,"A","PDBID|CHAIN|SEQUENCE",false,"A","PDBID|CHAIN|SEQUENCE",false,29,35,6.477626384686063,false,true,false,false,1,1,Within,0.007518796992481203,,0.0,0.0,0.0,,0.004739336492890996,7.49063670411985E-4,,0,IWINGDKGYNGLAEVGKKFEKDTGIKVTVEHPDKLEEKFPQ,KGYNGLAEVGKKFEKDTGIKVTVEHPDKLEEKFPQVAATGD
305,12249,154633734,"A","PDBID|CHAIN|SEQUENCE",false,"A","PDBID|CHAIN|SEQUENCE",false,38,6,6.445675422353335,false,true,false,false,1,1,Within,0.007518796992481203,,0.0,0.0,0.0,,0.004739336492890996,7.49063670411985E-4,,0,NGLAEVGKKFEKDTGIKVTVEHPDKLEEKFPQVAATGDGPD,...............KIEEGKLVIWINGDKGYNGLAEVGKK
304,12248,154656878,"A","PDBID|CHAIN|SEQUENCE",false,"A","PDBID|CHAIN|SEQUENCE",false,47,26,6.440138205733248,false,true,false,false,1,1,Within,0.007518796992481203,,0.0,0.0,0.0,,0.004739336492890996,7.49063670411985E-4,,0,FEKDTGIKVTVEHPDKLEEKFPQVAATGDGPDIIFWAHDRF,KLVIWINGDKGYNGLAEVGKKFEKDTGIKVTVEHPDKLEEK
301,12232,154673751,"A","PDBID|CHAIN|SEQUENCE",false,"A","PDBID|CHAIN|SEQUENCE",false,202,220,6.335581684805469,false,true,false,false,1,1,Within,0.007518796992481203,,0.0,0.0,0.0,,0.004739336492890996,7.49063670411985E-4,,0,GVDNAGAKAGLTFLVDLIKNKHMNADTDYSIAEAAFNKGET,KNKHMNADTDYSIAEAAFNKGETAMTINGPWAWSNIDTSKV
289,12183,154638827,"A","PDBID|CHAIN|SEQUENCE",false,"A","PDBID|CHAIN|SEQUENCE",false,137,202,6.178054609993211,false,true,false,false,1,1,Within,0.007518796992481203,,0.0,0.0,0.0,,0.004739336492890996,7.49063670411985E-4,,0,YNKDLLPNPPKTWEEIPALDKELKAKGKSALMFNLQEPYFT,GVDNAGAKAGLTFLVDLIKNKHMNADTDYSIAEAAFNKGET
288,11945,154659456,"A","PDBID|CHAIN|SEQUENCE",false,"A","PDBID|CHAIN|SEQUENCE",false,128,322,6.1484073997564925,false,true,false,false,1,1,Within,0.007518796992481203,,0.0,0.0,0.0,,0.004739336492890996,7.49063670411985E-4,,0,IAVEALSLIYNKDLLPNPPKTWEEIPALDKELKAKGKSALM,VALKSYEEELAKDPRIAATMENAQKGEIMPNIPQMSAFWYA
286,11811,154615691,"A","PDBID|CHAIN|SEQUENCE",false,"A","PDBID|CHAIN|SEQUENCE",false,125,320,6.100685057664579,false,true,false,false,1,1,Within,0.007518796992481203,,0.0,0.0,0.0,,0.004739336492890996,7.49063670411985E-4,,0,AYPIAVEALSLIYNKDLLPNPPKTWEEIPALDKELKAKGKS,GAVALKSYEEELAKDPRIAATMENAQKGEIMPNIPQMSAFW
284,12142,154617419,"A","PDBID|CHAIN|SEQUENCE",false,"A","PDBID|CHAIN|SEQUENCE",false,31,25,6.021356863102056,false,true,false,false,1,1,Within,0.007518796992481203,,0.0,0.0,0.0,,0.004739336492890996,7.49063670411985E-4,,0,INGDKGYNGLAEVGKKFEKDTGIKVTVEHPDKLEEKFPQVA,GKLVIWINGDKGYNGLAEVGKKFEKDTGIKVTVEHPDKLEE
283,12126,154623152,"A","PDBID|CHAIN|SEQUENCE",false,"A","PDBID|CHAIN|SEQUENCE",false,137,210,5.977358216467374,false,true,false,false,1,1,Within,0.007518796992481203,,0.0,0.0,0.0,,0.004739336492890996,7.49063670411985E-4,,0,YNKDLLPNPPKTWEEIPALDKELKAKGKSALMFNLQEPYFT,AGLTFLVDLIKNKHMNADTDYSIAEAAFNKGETAMTINGPW
280,12107,154639629,"A","PDBID|CHAIN|SEQUENCE",false,"A","PDBID|CHAIN|SEQUENCE",false,36,45,5.916832630037739,false,true,false,false,1,1,Within,0.007518796992481203,,0.0,0.0,0.0,,0.004739336492890996,7.49063670411985E-4,,0,GYNGLAEVGKKFEKDTGIKVTVEHPDKLEEKFPQVAATGDG,KKFEKDTGIKVTVEHPDKLEEKFPQVAATGDGPDIIFWAHD
279,12104,154611253,"A","PDBID|CHAIN|SEQUENCE",false,"DECOY:A","DECOY:PDBID|CHAIN|SEQUENCE",true,47,192,5.9139265812999495,true,false,true,false,1,1,Within,0.014184397163120567,,0.0,1.0,1.999999943436137E-9,,0.008888888888888889,0.0014064697609001407,,21,FEKDTGIKVTVEHPDKLEEKFPQVAATGDGPDIIFWAHDRF,ILDVLFTLGAKAGANDVGVDKIDYKGNEYKFAYGGDAAILP
278,11733,154679493,"A","PDBID|CHAIN|SEQUENCE",false,"A","PDBID|CHAIN|SEQUENCE",false,22,34,5.905150884786069,false,true,false,false,1,1,Within,0.014184397163120567,,0.0,0.0,0.0,,0.008888888888888889,0.0014064697609001407,,0,IEEGKLVIWINGDKGYNGLAEVGKKFEKDTGIKVTVEHPDK,DKGYNGLAEVGKKFEKDTGIKVTVEHPDKLEEKFPQVAATG
275,12095,154644423,"A","PDBID|CHAIN|SEQUENCE",false,"A","PDBID|CHAIN|SEQUENCE",false,128,323,5.892748088359021,false,true,false,false,1,1,Within,0.014184397163120567,,0.0,0.0,0.0,,0.008888888888888889,0.0014064697609001407,,0,IAVEALSLIYNKDLLPNPPKTWEEIPALDKELKAKGKSALM,ALKSYEEELAKDPRIAATMENAQKGEIMPNIPQMSAFWYAV
271,11704,154664299,"A","PDBID|CHAIN|SEQUENCE",false,"A","PDBID|CHAIN|SEQUENCE",false,286,314,5.7485229514088925,false,true,false,false,1,1,Within,0.014184397163120567,,0.0,0.0,0.0,,0.008888888888888889,0.0014064697609001407,,0,INAASPNKELAKEFLENYLLTDEGLEAVNKDKPLGAVALKS,NKDKPLGAVALKSYEEELAKDPRIAATMENAQKGEIMPNIP
270,12036,154615976,"A","PDBID|CHAIN|SEQUENCE",false,"A","PDBID|CHAIN|SEQUENCE",false,236,242,5.695880103713123,false,true,false,false,1,1,Within,0.014184397163120567,,0.0,0.0,0.0,,0.008888888888888889,0.0014064697609001407,,0,AFNKGETAMTINGPWAWSNIDTSKVNYGVTVLPTFKGQPSK,TAMTINGPWAWSNIDTSKVNYGVTVLPTFKGQPSKPFVGVL
267,11808,154658043,"A","PDBID|CHAIN|SEQUENCE",false,"A","PDBID|CHAIN|SEQUENCE",false,31,18,5.674815400191143,false,true,false,false,1,1,Within,0.014184397163120567,,0.0,0.0,0.0,,0.008888888888888889,0.0014064697609001407,,0,INGDKGYNGLAEVGKKFEKDTGIKVTVEHPDKLEEKFPQVA,...KIEEGKLVIWINGDKGYNGLAEVGKKFEKDTGIKVTVE
266,11656,154650259,"A","PDBID|CHAIN|SEQUENCE",false,"A","PDBID|CHAIN|SEQUENCE",false,286,296,5.669088124140233,false,true,false,false,1,1,Within,0.014184397163120567,,0.0,0.0,0.0,,0.008888888888888889,0.0014064697609001407,,0,INAASPNKELAKEFLENYLLTDEGLEAVNKDKPLGAVALKS,AKEFLENYLLTDEGLEAVNKDKPLGAVALKSYEEELAKDPR
502,13982,154636217,"A","PDBID|CHAIN|SEQUENCE",false,"A","PDBID|CHAIN|SEQUENCE",false,37,15,5.6669730147529895,false,true,false,false,1,1,Within,0.014184397163120567,,0.0,0.0,0.0,,0.0,0.0,,0,YNGLAEVGKKFEKDTGIKVTVEHPDKLEEKFPQVAATGDGP,......KIEEGKLVIWINGDKGYNGLAEVGKKFEKDTGIKV
265,11694,154644660,"A","PDBID|CHAIN|SEQUENCE",false,"A","PDBID|CHAIN|SEQUENCE",false,258,249,5.630281119045279,false,true,false,false,1,1,Within,0.014184397163120567,,0.0,0.0,0.0,,0.008888888888888889,0.0014064697609001407,,0,SKVNYGVTVLPTFKGQPSKPFVGVLSAGINAASPNKELAKE,PWAWSNIDTSKVNYGVTVLPTFKGQPSKPFVGVLSAGINAA
264,12016,154664912,"A","PDBID|CHAIN|SEQUENCE",false,"DECOY:A","DECOY:PDBID|CHAIN|SEQUENCE",true,47,356,5.612973356376128,true,false,true,false,1,1,Within,0.017857142857142856,,0.0,1.0,1.999999943436137E-9,,0.011583011583011582,0.001850709438618137,,21,FEKDTGIKVTVEHPDKLEEKFPQVAATGDGPDIIFWAHDRF,VKIGTDKEFKKGVEALGNYGKDGNIWIVLKGEEIK......
263,11693,154672651,"A","PDBID|CHAIN|SEQUENCE",false,"A","PDBID|CHAIN|SEQUENCE",false,128,325,5.57993107836592,false,true,false,false,1,1,Within,0.017857142857142856,,0.0,0.0,0.0,,0.011583011583011582,0.001850709438618137,,0,IAVEALSLIYNKDLLPNPPKTWEEIPALDKELKAKGKSALM,KSYEEELAKDPRIAATMENAQKGEIMPNIPQMSAFWYAVRT
261,11944,154620969,"A","PDBID|CHAIN|SEQUENCE",false,"A","PDBID|CHAIN|SEQUENCE",false,53,91,5.558361790393697,false,true,false,false,1,1,Within,0.017857142857142856,,0.0,0.0,0.0,,0.011583011583011582,0.001850709438618137,,0,IKVTVEHPDKLEEKFPQVAATGDGPDIIFWAHDRFGGYAQS,AQSGLLAEITPDKAFQDKLYPFTWDAVRYNGKLIAYPIAVE
258,11986,154659558,"A","PDBID|CHAIN|SEQUENCE",false,"A","PDBID|CHAIN|SEQUENCE",false,26,291,5.5152834885807245,false,true,false,false,1,1,Within,0.017857142857142856,,0.0,0.0,0.0,,0.011583011583011582,0.001850709438618137,,0,KLVIWINGDKGYNGLAEVGKKFEKDTGIKVTVEHPDKLEEK,PNKELAKEFLENYLLTDEGLEAVNKDKPLGAVALKSYEEEL
255,11958,154663128,"A","PDBID|CHAIN|SEQUENCE",false,"A","PDBID|CHAIN|SEQUENCE",false,17,42,5.393545087410493,false,true,false,false,1,1,Within,0.017857142857142856,,0.0,0.0,0.0,,0.011583011583011582,0.001850709438618137,,0,....KIEEGKLVIWINGDKGYNGLAEVGKKFEKDTGIKVTV,EVGKKFEKDTGIKVTVEHPDKLEEKFPQVAATGDGPDIIFW
253,11941,154660951,"A","PDBID|CHAIN|SEQUENCE",false,"A","PDBID|CHAIN|SEQUENCE",false,83,296,5.304895475423506,false,true,false,false,1,1,Within,0.017857142857142856,,0.0,0.0,0.0,,0.011583011583011582,0.001850709438618137,,0,AHDRFGGYAQSGLLAEITPDKAFQDKLYPFTWDAVRYNGKL,AKEFLENYLLTDEGLEAVNKDKPLGAVALKSYEEELAKDPR
252,11937,154638815,"A","PDBID|CHAIN|SEQUENCE",false,"A","PDBID|CHAIN|SEQUENCE",false,203,6,5.285816989630608,false,true,false,false,1,1,Within,0.017857142857142856,,0.0,0.0,0.0,,0.011583011583011582,0.001850709438618137,,0,VDNAGAKAGLTFLVDLIKNKHMNADTDYSIAEAAFNKGETA,...............KIEEGKLVIWINGDKGYNGLAEVGKK
251,11927,154641554,"A","PDBID|CHAIN|SEQUENCE",false,"A","PDBID|CHAIN|SEQUENCE",false,25,38,5.2320452607826375,false,true,false,false,1,1,Within,0.017857142857142856,,0.0,0.0,0.0,,0.011583011583011582,0.001850709438618137,,0,GKLVIWINGDKGYNGLAEVGKKFEKDTGIKVTVEHPDKLEE,NGLAEVGKKFEKDTGIKVTVEHPDKLEEKFPQVAATGDGPD
250,11923,154605985,"A","PDBID|CHAIN|SEQUENCE",false,"A","PDBID|CHAIN|SEQUENCE",false,46,33,5.215698821204401,false,true,false,false,1,1,Within,0.017857142857142856,,0.0,0.0,0.0,,0.011583011583011582,0.001850709438618137,,0,KFEKDTGIKVTVEHPDKLEEKFPQVAATGDGPDIIFWAHDR,GDKGYNGLAEVGKKFEKDTGIKVTVEHPDKLEEKFPQVAAT
249,11922,154683193,"A","PDBID|CHAIN|SEQUENCE",false,"A","PDBID|CHAIN|SEQUENCE",false,306,89,5.213524450558877,false,true,false,false,1,1,Within,0.017857142857142856,,0.0,0.0,0.0,,0.011583011583011582,0.001850709438618137,,0,TDEGLEAVNKDKPLGAVALKSYEEELAKDPRIAATMENAQK,GYAQSGLLAEITPDKAFQDKLYPFTWDAVRYNGKLIAYPIA
185,11662;11675,154680099;154623818,"A","PDBID|CHAIN|SEQUENCE",false,"A","PDBID|CHAIN|SEQUENCE",false,217,222,5.200281499559669,false,true,false,false,2,2,Within,0.017857142857142856,,0.0,0.0,0.0,,0.027303754266211604,0.003910614526256983,,0,DLIKNKHMNADTDYSIAEAAFNKGETAMTINGPWAWSNIDT,KHMNADTDYSIAEAAFNKGETAMTINGPWAWSNIDTSKVNY
179,11642;11653,154608089;154655971,"A","PDBID|CHAIN|SEQUENCE",false,"A","PDBID|CHAIN|SEQUENCE",false,266,249,5.17615269235227,false,true,false,false,2,2,Within,0.017857142857142856,,0.0,0.0,0.0,,0.029220779227272727,0.003910614526256983,,0,VLPTFKGQPSKPFVGVLSAGINAASPNKELAKEFLENYLLT,PWAWSNIDTSKVNYGVTVLPTFKGQPSKPFVGVLSAGINAA
112,11520;11554,154622588;154606902,"A","PDBID|CHAIN|SEQUENCE",false,"A","PDBID|CHAIN|SEQUENCE",false,18,345,5.169183750402665,false,true,false,false,2,2,Within,0.017857142857142856,,0.0,0.0,0.0,,0.029220779227272727,0.003910614526256983,,0,...KIEEGKLVIWINGDKGYNGLAEVGKKFEKDTGIKVTVE,QKGEIMPNIPQMSAFWYAVRTAVINAASGRQTVDEALKDAQ
246,11623,154622539,"A","PDBID|CHAIN|SEQUENCE",false,"A","PDBID|CHAIN|SEQUENCE",false,23,31,5.163778094589026,false,true,false,false,1,1,Within,0.017857142857142856,,0.0,0.0,0.0,,0.011583011583011582,0.001850709438618137,,0,EEGKLVIWINGDKGYNGLAEVGKKFEKDTGIKVTVEHPDKL,INGDKGYNGLAEVGKKFEKDTGIKVTVEHPDKLEEKFPQVA
245,11907,154628173,"A","PDBID|CHAIN|SEQUENCE",false,"A","PDBID|CHAIN|SEQUENCE",false,53,92,5.156521753344422,false,true,false,false,1,1,Within,0.017857142857142856,,0.0,0.0,0.0,,0.011583011583011582,0.001850709438618137,,0,IKVTVEHPDKLEEKFPQVAATGDGPDIIFWAHDRFGGYAQS,QSGLLAEITPDKAFQDKLYPFTWDAVRYNGKLIAYPIAVEA
244,11906,154658908,"A","PDBID|CHAIN|SEQUENCE",false,"A","PDBID|CHAIN|SEQUENCE",false,128,124,5.156099506371421,false,true,false,false,1,1,Within,0.017857142857142856,,0.0,0.0,0.0,,0.011583011583011582,0.001850709438618137,,0,IAVEALSLIYNKDLLPNPPKTWEEIPALDKELKAKGKSALM,IAYPIAVEALSLIYNKDLLPNPPKTWEEIPALDKELKAKGK
243,11902,154646874,"A","PDBID|CHAIN|SEQUENCE",false,"A","PDBID|CHAIN|SEQUENCE",false,127,324,5.146283794390081,false,true,false,false,1,1,Within,0.017857142857142856,,0.0,0.0,0.0,,0.011583011583011582,0.001850709438618137,,0,PIAVEALSLIYNKDLLPNPPKTWEEIPALDKELKAKGKSAL,LKSYEEELAKDPRIAATMENAQKGEIMPNIPQMSAFWYAVR
242,11894,154685979,"A","PDBID|CHAIN|SEQUENCE",false,"A","PDBID|CHAIN|SEQUENCE",false,22,36,5.137785871764771,false,true,false,false,1,1,Within,0.017857142857142856,,0.0,0.0,0.0,,0.011583011583011582,0.001850709438618137,,0,IEEGKLVIWINGDKGYNGLAEVGKKFEKDTGIKVTVEHPDK,GYNGLAEVGKKFEKDTGIKVTVEHPDKLEEKFPQVAATGDG
501,13980,154661482,"A","PDBID|CHAIN|SEQUENCE",false,"A","PDBID|CHAIN|SEQUENCE",false,24,46,5.1217723869511325,false,true,false,false,1,1,Within,0.017857142857142856,,0.0,0.0,0.0,,0.0,0.0,,0,EGKLVIWINGDKGYNGLAEVGKKFEKDTGIKVTVEHPDKLE,KFEKDTGIKVTVEHPDKLEEKFPQVAATGDGPDIIFWAHDR
240,11702,154634413,"A","PDBID|CHAIN|SEQUENCE",false,"A","PDBID|CHAIN|SEQUENCE",false,294,313,5.079770044627654,false,true,false,false,1,1,Within,0.017857142857142856,,0.0,0.0,0.0,,0.011583011583011582,0.001850709438618137,,0,ELAKEFLENYLLTDEGLEAVNKDKPLGAVALKSYEEELAKD,VNKDKPLGAVALKSYEEELAKDPRIAATMENAQKGEIMPNI
239,11876,154667550,"A","PDBID|CHAIN|SEQUENCE",false,"A","PDBID|CHAIN|SEQUENCE",false,137,126,5.063506654529066,false,true,false,false,1,1,Within,0.017857142857142856,,0.0,0.0,0.0,,0.011583011583011582,0.001850709438618137,,0,YNKDLLPNPPKTWEEIPALDKELKAKGKSALMFNLQEPYFT,YPIAVEALSLIYNKDLLPNPPKTWEEIPALDKELKAKGKSA
237,11858,154603032,"A","PDBID|CHAIN|SEQUENCE",false,"A","PDBID|CHAIN|SEQUENCE",false,46,349,4.975019300320641,false,true,false,false,1,1,Within,0.017857142857142856,,0.0,0.0,0.0,,0.011583011583011582,0.001850709438618137,,0,KFEKDTGIKVTVEHPDKLEEKFPQVAATGDGPDIIFWAHDR,IMPNIPQMSAFWYAVRTAVINAASGRQTVDEALKDAQTRIT
236,11755,154672969,"A","PDBID|CHAIN|SEQUENCE",false,"A","PDBID|CHAIN|SEQUENCE",false,259,249,4.950519643950887,false,true,false,false,1,1,Within,0.017857142857142856,,0.0,0.0,0.0,,0.011583011583011582,0.001850709438618137,,0,KVNYGVTVLPTFKGQPSKPFVGVLSAGINAASPNKELAKEF,PWAWSNIDTSKVNYGVTVLPTFKGQPSKPFVGVLSAGINAA
133,13971;11411,154670515;154617214,"A","PDBID|CHAIN|SEQUENCE",false,"A","PDBID|CHAIN|SEQUENCE",false,17,348,4.921886131442044,false,true,false,false,2,2,Within,0.017857142857142856,,0.0,0.0,0.0,,0.0,0.0,,0,....KIEEGKLVIWINGDKGYNGLAEVGKKFEKDTGIKVTV,EIMPNIPQMSAFWYAVRTAVINAASGRQTVDEALKDAQTRI
136,11659;11588,154615076;154646288,"A","PDBID|CHAIN|SEQUENCE",false,"A","PDBID|CHAIN|SEQUENCE",false,17,352,4.8801463579375435,false,true,false,false,2,2,Within,0.017857142857142856,,0.0,0.0,0.0,,0.029220779227272727,0.003910614526256983,,0,....KIEEGKLVIWINGDKGYNGLAEVGKKFEKDTGIKVTV,NIPQMSAFWYAVRTAVINAASGRQTVDEALKDAQTRITK..
234,11837,154668644,"A","PDBID|CHAIN|SEQUENCE",false,"A","PDBID|CHAIN|SEQUENCE",false,304,90,4.872332824721186,false,true,false,false,1,1,Within,0.017857142857142856,,0.0,0.0,0.0,,0.011583011583011582,0.001850709438618137,,0,LLTDEGLEAVNKDKPLGAVALKSYEEELAKDPRIAATMENA,YAQSGLLAEITPDKAFQDKLYPFTWDAVRYNGKLIAYPIAV
233,11621,154634440,"A","PDBID|CHAIN|SEQUENCE",false,"A","PDBID|CHAIN|SEQUENCE",false,260,249,4.835167340279983,false,true,false,false,1,1,Within,0.017857142857142856,,0.0,0.0,0.0,,0.011583011583011582,0.001850709438618137,,0,VNYGVTVLPTFKGQPSKPFVGVLSAGINAASPNKELAKEFL,PWAWSNIDTSKVNYGVTVLPTFKGQPSKPFVGVLSAGINAA
180,11654;11479,154683645;154623077;154610884,"A","PDBID|CHAIN|SEQUENCE",false,"A","PDBID|CHAIN|SEQUENCE",false,136,208,4.819311707255925,false,true,false,false,3,2,Within,0.017857142857142856,,0.0,0.0,0.0,,0.029220779227272727,0.003910614526256983,,0,IYNKDLLPNPPKTWEEIPALDKELKAKGKSALMFNLQEPYF,AKAGLTFLVDLIKNKHMNADTDYSIAEAAFNKGETAMTING
156,11649;11460,154664012;154679751;154638400,"A","PDBID|CHAIN|SEQUENCE",false,"DECOY:A","DECOY:PDBID|CHAIN|SEQUENCE",true,208,282,4.77944846349531,true,false,true,false,3,2,Within,0.023809523809523808,,0.0,1.0,1.999999943436137E-9,,0.029220779227272727,0.003910614526256983,,21,AKAGLTFLVDLIKNKHMNADTDYSIAEAAFNKGETAMTING,AIPYAILKGNYRVADWTFPYLKDQFAKDPTIEALLGSQAYG
229,11816,154641306,"DECOY:A","DECOY:PDBID|CHAIN|SEQUENCE",true,"A","PDBID|CHAIN|SEQUENCE",false,354,37,4.758233518488013,true,false,true,false,1,1,Within,0.028901734104046242,,1.0,0.0,1.999999943436137E-9,,0.014705882352941176,0.002396644697423607,,21,VTVKIGTDKEFKKGVEALGNYGKDGNIWIVLKGEEIK....,YNGLAEVGKKFEKDTGIKVTVEHPDKLEEKFPQVAATGDGP
227,11806,154608877,"A","PDBID|CHAIN|SEQUENCE",false,"A","PDBID|CHAIN|SEQUENCE",false,210,221,4.704395052662301,false,true,false,false,1,1,Within,0.028901734104046242,,0.0,0.0,0.0,,0.014705882352941176,0.002396644697423607,,0,AGLTFLVDLIKNKHMNADTDYSIAEAAFNKGETAMTINGPW,NKHMNADTDYSIAEAAFNKGETAMTINGPWAWSNIDTSKVN
225,11786,154627809,"A","PDBID|CHAIN|SEQUENCE",false,"A","PDBID|CHAIN|SEQUENCE",false,129,320,4.680096489587308,false,true,false,false,1,1,Within,0.028901734104046242,,0.0,0.0,0.0,,0.014705882352941176,0.002396644697423607,,0,AVEALSLIYNKDLLPNPPKTWEEIPALDKELKAKGKSALMF,GAVALKSYEEELAKDPRIAATMENAQKGEIMPNIPQMSAFW
224,11800,154628645,"A","PDBID|CHAIN|SEQUENCE",false,"A","PDBID|CHAIN|SEQUENCE",false,46,361,4.672437337670139,false,true,false,false,1,1,Within,0.028901734104046242,,0.0,0.0,0.0,,0.014705882352941176,0.002396644697423607,,0,KFEKDTGIKVTVEHPDKLEEKFPQVAATGDGPDIIFWAHDR,YAVRTAVINAASGRQTVDEALKDAQTRITK...........
222,11789,154605723,"A","PDBID|CHAIN|SEQUENCE",false,"A","PDBID|CHAIN|SEQUENCE",false,73,105,4.612881420160045,false,true,false,false,1,1,Within,0.028901734104046242,,0.0,0.0,0.0,,0.014705882352941176,0.002396644697423607,,0,TGDGPDIIFWAHDRFGGYAQSGLLAEITPDKAFQDKLYPFT,FQDKLYPFTWDAVRYNGKLIAYPIAVEALSLIYNKDLLPNP
221,11687,154667785,"A","PDBID|CHAIN|SEQUENCE",false,"A","PDBID|CHAIN|SEQUENCE",false,90,241,4.5781423228087625,false,true,false,false,1,1,Within,0.028901734104046242,,0.0,0.0,0.0,,0.014705882352941176,0.002396644697423607,,0,YAQSGLLAEITPDKAFQDKLYPFTWDAVRYNGKLIAYPIAV,ETAMTINGPWAWSNIDTSKVNYGVTVLPTFKGQPSKPFVGV
116,11536;11537,154630441;154622917;154622912,"A","PDBID|CHAIN|SEQUENCE",false,"DECOY:A","DECOY:PDBID|CHAIN|SEQUENCE",true,31,351,4.552285871925085,true,false,true,false,3,2,Within,0.03409090909090909,,0.0,1.0,1.999999943436137E-9,,0.029220779227272727,0.01037117904257642,,21,INGDKGYNGLAEVGKKFEKDTGIKVTVEHPDKLEEKFPQVA,PHEVTVKIGTDKEFKKGVEALGNYGKDGNIWIVLKGEEIK.
219,11627,154678684,"A","PDBID|CHAIN|SEQUENCE",false,"A","PDBID|CHAIN|SEQUENCE",false,20,297,4.549695405484828,false,true,false,false,1,1,Within,0.03409090909090909,,0.0,0.0,0.0,,0.014705882352941176,0.002396644697423607,,0,.KIEEGKLVIWINGDKGYNGLAEVGKKFEKDTGIKVTVEHP,KEFLENYLLTDEGLEAVNKDKPLGAVALKSYEEELAKDPRI
218,11607,154644455,"A","PDBID|CHAIN|SEQUENCE",false,"A","PDBID|CHAIN|SEQUENCE",false,30,341,4.532140773223435,false,true,false,false,1,1,Within,0.03409090909090909,,0.0,0.0,0.0,,0.014705882352941176,0.002396644697423607,,0,WINGDKGYNGLAEVGKKFEKDTGIKVTVEHPDKLEEKFPQV,MENAQKGEIMPNIPQMSAFWYAVRTAVINAASGRQTVDEAL
217,11772,154679820,"A","PDBID|CHAIN|SEQUENCE",false,"A","PDBID|CHAIN|SEQUENCE",false,293,307,4.518586802649232,false,true,false,false,1,1,Within,0.03409090909090909,,0.0,0.0,0.0,,0.014705882352941176,0.002396644697423607,,0,KELAKEFLENYLLTDEGLEAVNKDKPLGAVALKSYEEELAK,DEGLEAVNKDKPLGAVALKSYEEELAKDPRIAATMENAQKG
215,11767,154611710,"A","PDBID|CHAIN|SEQUENCE",false,"DECOY:A","DECOY:PDBID|CHAIN|SEQUENCE",true,278,116,4.487786968679099,true,false,true,false,1,1,Within,0.03910614525139665,,0.0,1.0,1.999999943436137E-9,,0.01818181818181818,0.00297441998810232,,21,FVGVLSAGINAASPNKELAKEFLENYLLTDEGLEAVNKDKP,LEKNPSAANIGASLVGVFPKSPQGKFTPLVTVGYNVKSTDI
214,11611,154681698,"A","PDBID|CHAIN|SEQUENCE",false,"A","PDBID|CHAIN|SEQUENCE",false,17,349,4.473405378604069,false,true,false,false,1,1,Within,0.03910614525139665,,0.0,0.0,0.0,,0.01818181818181818,0.00297441998810232,,0,....KIEEGKLVIWINGDKGYNGLAEVGKKFEKDTGIKVTV,IMPNIPQMSAFWYAVRTAVINAASGRQTVDEALKDAQTRIT
155,13966;11612,154636047;154684921,"A","PDBID|CHAIN|SEQUENCE",false,"A","PDBID|CHAIN|SEQUENCE",false,17,346,4.458934786362447,false,true,false,false,2,2,Within,0.03910614525139665,,0.0,0.0,0.0,,0.0,0.0,,0,....KIEEGKLVIWINGDKGYNGLAEVGKKFEKDTGIKVTV,KGEIMPNIPQMSAFWYAVRTAVINAASGRQTVDEALKDAQT
213,11759,154655300,"A","PDBID|CHAIN|SEQUENCE",false,"A","PDBID|CHAIN|SEQUENCE",false,290,313,4.4559918912199805,false,true,false,false,1,1,Within,0.03910614525139665,,0.0,0.0,0.0,,0.01818181818181818,0.00297441998810232,,0,SPNKELAKEFLENYLLTDEGLEAVNKDKPLGAVALKSYEEE,VNKDKPLGAVALKSYEEELAKDPRIAATMENAQKGEIMPNI
211,11754,154634224,"A","PDBID|CHAIN|SEQUENCE",false,"DECOY:A","DECOY:PDBID|CHAIN|SEQUENCE",true,210,14,4.408473675332863,true,false,true,false,1,1,Within,0.04419889502762431,,0.0,1.0,1.999999943436137E-9,,0.021660649819494584,0.0035211267605633804,,21,AGLTFLVDLIKNKHMNADTDYSIAEAAFNKGETAMTINGPW,.......KTIRTQADKLAEDVTQRGSAANIVATRVAYWFAS
500,13977,154680848,"A","PDBID|CHAIN|SEQUENCE",false,"A","PDBID|CHAIN|SEQUENCE",false,17,24,4.380865459467892,false,true,false,false,1,1,Within,0.04419889502762431,,0.0,0.0,0.0,,0.0,0.0,,0,....KIEEGKLVIWINGDKGYNGLAEVGKKFEKDTGIKVTV,EGKLVIWINGDKGYNGLAEVGKKFEKDTGIKVTVEHPDKLE
209,11732,154638455,"A","PDBID|CHAIN|SEQUENCE",false,"A","PDBID|CHAIN|SEQUENCE",false,320,139,4.203780155814449,false,true,false,false,1,1,Within,0.04419889502762431,,0.0,0.0,0.0,,0.021660649819494584,0.0035211267605633804,,0,GAVALKSYEEELAKDPRIAATMENAQKGEIMPNIPQMSAFW,KDLLPNPPKTWEEIPALDKELKAKGKSALMFNLQEPYFTWP
208,11730,154644288,"DECOY:A","DECOY:PDBID|CHAIN|SEQUENCE",true,"A","PDBID|CHAIN|SEQUENCE",false,354,36,4.183659271938917,true,false,true,false,1,1,Within,0.048309178753623186,,1.0,0.0,1.999999943436137E-9,,0.02464788732394366,0.003910614526256983,,21,VTVKIGTDKEFKKGVEALGNYGKDGNIWIVLKGEEIK....,GYNGLAEVGKKFEKDTGIKVTVEHPDKLEEKFPQVAATGDG
207,11728,154667790,"A","PDBID|CHAIN|SEQUENCE",false,"A","PDBID|CHAIN|SEQUENCE",false,90,240,4.177091642006818,false,true,false,false,1,1,Within,0.048309178753623186,,0.0,0.0,0.0,,0.02464788732394366,0.003910614526256983,,0,YAQSGLLAEITPDKAFQDKLYPFTWDAVRYNGKLIAYPIAV,GETAMTINGPWAWSNIDTSKVNYGVTVLPTFKGQPSKPFVG
206,11726,154630529,"A","PDBID|CHAIN|SEQUENCE",false,"A","PDBID|CHAIN|SEQUENCE",false,127,320,4.155994880349683,false,true,false,false,1,1,Within,0.048309178753623186,,0.0,0.0,0.0,,0.02464788732394366,0.003910614526256983,,0,PIAVEALSLIYNKDLLPNPPKTWEEIPALDKELKAKGKSAL,GAVALKSYEEELAKDPRIAATMENAQKGEIMPNIPQMSAFW
499,13975,154645505,"A","PDBID|CHAIN|SEQUENCE",false,"A","PDBID|CHAIN|SEQUENCE",false,1,205,4.139041868396769,false,true,false,false,1,1,Within,0.048309178753623186,,0.0,0.0,0.0,,0.0,0.0,,0,....................KIEEGKLVIWINGDKGYNGLA,NAGAKAGLTFLVDLIKNKHMNADTDYSIAEAAFNKGETAMT
9,11408;11608,154623626;154642313,"A","PDBID|CHAIN|SEQUENCE",false,"DECOY:A","DECOY:PDBID|CHAIN|SEQUENCE",true,365,134,4.0643040820203105,true,false,true,false,2,2,Within,0.048309178753623186,,0.0,1.0,1.999999943436137E-9,,0.04968944100621118,0.006593406595604396,,21,TAVINAASGRQTVDEALKDAQTRITK...............,PKSPQGKFTPLVTVGYNVKSTDINSWAWPGNITMATEGKNF
203,11716,154605279,"A","PDBID|CHAIN|SEQUENCE",false,"A","PDBID|CHAIN|SEQUENCE",false,311,90,4.061795211133932,false,true,false,false,1,1,Within,0.048309178753623186,,0.0,0.0,0.0,,0.02464788732394366,0.003910614526256983,,0,EAVNKDKPLGAVALKSYEEELAKDPRIAATMENAQKGEIMP,YAQSGLLAEITPDKAFQDKLYPFTWDAVRYNGKLIAYPIAV
202,11715,154655205,"A","PDBID|CHAIN|SEQUENCE",false,"A","PDBID|CHAIN|SEQUENCE",false,210,201,4.0330183689518675,false,true,false,false,1,1,Within,0.048309178753623186,,0.0,0.0,0.0,,0.02464788732394366,0.003910614526256983,,0,AGLTFLVDLIKNKHMNADTDYSIAEAAFNKGETAMTINGPW,VGVDNAGAKAGLTFLVDLIKNKHMNADTDYSIAEAAFNKGE
201,11711,154641908,"A","PDBID|CHAIN|SEQUENCE",false,"A","PDBID|CHAIN|SEQUENCE",false,307,90,4.0058150328474955,false,true,false,false,1,1,Within,0.048309178753623186,,0.0,0.0,0.0,,0.02464788732394366,0.003910614526256983,,0,DEGLEAVNKDKPLGAVALKSYEEELAKDPRIAATMENAQKG,YAQSGLLAEITPDKAFQDKLYPFTWDAVRYNGKLIAYPIAV
200,11421,154613433;154625771;154602052,"DECOY:A","DECOY:PDBID|CHAIN|SEQUENCE",true,"A","PDBID|CHAIN|SEQUENCE",false,11,202,3.9792974670310586,true,false,true,false,3,1,Within,0.048309178753623186,,1.0,0.0,1.999999943436137E-9,,0.027303754266211604,0.008771929826754387,,21,..........KTIRTQADKLAEDVTQRGSAANIVATRVAYW,GVDNAGAKAGLTFLVDLIKNKHMNADTDYSIAEAAFNKGET
498,13974,154609476,"A","PDBID|CHAIN|SEQUENCE",false,"A","PDBID|CHAIN|SEQUENCE",false,46,350,3.967467986174145,false,true,false,false,1,1,Within,0.048309178753623186,,0.0,0.0,0.0,,0.0,0.0,,0,KFEKDTGIKVTVEHPDKLEEKFPQVAATGDGPDIIFWAHDR,MPNIPQMSAFWYAVRTAVINAASGRQTVDEALKDAQTRITK
135,11472;11598,154644574;154623103,"A","PDBID|CHAIN|SEQUENCE",false,"A","PDBID|CHAIN|SEQUENCE",false,135,208,3.9187611584696715,false,true,false,false,2,2,Within,0.048309178753623186,,0.0,0.0,0.0,,0.058282208601226994,0.008223684212719299,,0,LIYNKDLLPNPPKTWEEIPALDKELKAKGKSALMFNLQEPY,AKAGLTFLVDLIKNKHMNADTDYSIAEAAFNKGETAMTING
198,11699,154611045,"A","PDBID|CHAIN|SEQUENCE",false,"A","PDBID|CHAIN|SEQUENCE",false,227,242,3.9097579270948444,false,true,false,false,1,1,Within,0.048309178753623186,,0.0,0.0,0.0,,0.027303754266211604,0.003910614526256983,,0,DTDYSIAEAAFNKGETAMTINGPWAWSNIDTSKVNYGVTVL,TAMTINGPWAWSNIDTSKVNYGVTVLPTFKGQPSKPFVGVL
497,13973,154665644,"A","PDBID|CHAIN|SEQUENCE",false,"A","PDBID|CHAIN|SEQUENCE",false,306,173,3.8077596228874784,false,true,false,false,1,1,Within,0.048309178753623186,,0.0,0.0,0.0,,0.0,0.0,,0,TDEGLEAVNKDKPLGAVALKSYEEELAKDPRIAATMENAQK,EPYFTWPLIAADGGYAFKYENGKYDIKDVGVDNAGAKAGLT
196,11689,154625831,"A","PDBID|CHAIN|SEQUENCE",false,"A","PDBID|CHAIN|SEQUENCE",false,263,250,3.774587688286549,false,true,false,false,1,1,Within,0.048309178753623186,,0.0,0.0,0.0,,0.027303754266211604,0.003910614526256983,,0,GVTVLPTFKGQPSKPFVGVLSAGINAASPNKELAKEFLENY,WAWSNIDTSKVNYGVTVLPTFKGQPSKPFVGVLSAGINAAS
195,11678,154638069,"A","PDBID|CHAIN|SEQUENCE",false,"A","PDBID|CHAIN|SEQUENCE",false,28,337,3.7048315082907726,false,true,false,false,1,1,Within,0.048309178753623186,,0.0,0.0,0.0,,0.027303754266211604,0.003910614526256983,,0,VIWINGDKGYNGLAEVGKKFEKDTGIKVTVEHPDKLEEKFP,IAATMENAQKGEIMPNIPQMSAFWYAVRTAVINAASGRQTV
194,11429,154667911;154659286,"A","PDBID|CHAIN|SEQUENCE",false,"A","PDBID|CHAIN|SEQUENCE",false,122,117,3.6996142857473204,false,true,false,false,2,1,Within,0.048309178753623186,,0.0,0.0,0.0,,0.027303754266211604,0.004966887419426049,,0,KLIAYPIAVEALSLIYNKDLLPNPPKTWEEIPALDKELKAK,VRYNGKLIAYPIAVEALSLIYNKDLLPNPPKTWEEIPALDK
193,11677,154610986,"A","PDBID|CHAIN|SEQUENCE",false,"A","PDBID|CHAIN|SEQUENCE",false,268,249,3.6943455399170153,false,true,false,false,1,1,Within,0.048309178753623186,,0.0,0.0,0.0,,0.027303754266211604,0.003910614526256983,,0,PTFKGQPSKPFVGVLSAGINAASPNKELAKEFLENYLLTDE,PWAWSNIDTSKVNYGVTVLPTFKGQPSKPFVGVLSAGINAA
192,11676,154655042,"A","PDBID|CHAIN|SEQUENCE",false,"A","PDBID|CHAIN|SEQUENCE",false,208,199,3.690971827226238,false,true,false,false,1,1,Within,0.048309178753623186,,0.0,0.0,0.0,,0.027303754266211604,0.003910614526256983,,0,AKAGLTFLVDLIKNKHMNADTDYSIAEAAFNKGETAMTING,KDVGVDNAGAKAGLTFLVDLIKNKHMNADTDYSIAEAAFNK
51,11549;11464;11575,154618278;154650378;154638366,"A","PDBID|CHAIN|SEQUENCE",false,"A","PDBID|CHAIN|SEQUENCE",false,135,210,3.6611034678790064,false,true,false,false,3,3,Within,0.048309178753623186,,0.0,0.0,0.0,,0.06744868037536657,0.011969532103373232,,0,LIYNKDLLPNPPKTWEEIPALDKELKAKGKSALMFNLQEPY,AGLTFLVDLIKNKHMNADTDYSIAEAAFNKGETAMTINGPW
189,11674,154644396,"A","PDBID|CHAIN|SEQUENCE",false,"A","PDBID|CHAIN|SEQUENCE",false,297,116,3.66076137482325,false,true,false,false,1,1,Within,0.048309178753623186,,0.0,0.0,0.0,,0.029220779227272727,0.003910614526256983,,0,KEFLENYLLTDEGLEAVNKDKPLGAVALKSYEEELAKDPRI,AVRYNGKLIAYPIAVEALSLIYNKDLLPNPPKTWEEIPALD
496,13972,154661232,"A","PDBID|CHAIN|SEQUENCE",false,"A","PDBID|CHAIN|SEQUENCE",false,202,2,3.626997260050712,false,true,false,false,1,1,Within,0.048309178753623186,,0.0,0.0,0.0,,0.0,0.0,,0,GVDNAGAKAGLTFLVDLIKNKHMNADTDYSIAEAAFNKGET,...................KIEEGKLVIWINGDKGYNGLAE
114,11557;11568,154627925;154668284,"A","PDBID|CHAIN|SEQUENCE",false,"A","PDBID|CHAIN|SEQUENCE",false,210,136,3.5938119864975824,false,true,false,false,2,2,Within,0.048309178753623186,,0.0,0.0,0.0,,0.06744868037536657,0.012479652744438416,,0,AGLTFLVDLIKNKHMNADTDYSIAEAAFNKGETAMTINGPW,IYNKDLLPNPPKTWEEIPALDKELKAKGKSALMFNLQEPYF
186,11664,154634887,"A","PDBID|CHAIN|SEQUENCE",false,"A","PDBID|CHAIN|SEQUENCE",false,114,129,3.556926237975106,false,true,false,false,1,1,Within,0.048309178753623186,,0.0,0.0,0.0,,0.029220779227272727,0.003910614526256983,,0,WDAVRYNGKLIAYPIAVEALSLIYNKDLLPNPPKTWEEIPA,AVEALSLIYNKDLLPNPPKTWEEIPALDKELKAKGKSALMF
184,11661,154677168,"A","PDBID|CHAIN|SEQUENCE",false,"A","PDBID|CHAIN|SEQUENCE",false,71,102,3.5050203871563097,false,true,false,false,1,1,Within,0.048309178753623186,,0.0,0.0,0.0,,0.029220779227272727,0.003910614526256983,,0,AATGDGPDIIFWAHDRFGGYAQSGLLAEITPDKAFQDKLYP,DKAFQDKLYPFTWDAVRYNGKLIAYPIAVEALSLIYNKDLL
494,13970,154642844,"A","PDBID|CHAIN|SEQUENCE",false,"A","PDBID|CHAIN|SEQUENCE",false,307,290,3.4771303347332703,false,true,false,false,1,1,Within,0.048309178753623186,,0.0,0.0,0.0,,0.0,0.0,,0,DEGLEAVNKDKPLGAVALKSYEEELAKDPRIAATMENAQKG,SPNKELAKEFLENYLLTDEGLEAVNKDKPLGAVALKSYEEE
182,11658,154630393,"A","PDBID|CHAIN|SEQUENCE",false,"A","PDBID|CHAIN|SEQUENCE",false,306,324,3.441294181736905,false,true,false,false,1,1,Within,0.048309178753623186,,0.0,0.0,0.0,,0.029220779227272727,0.003910614526256983,,0,TDEGLEAVNKDKPLGAVALKSYEEELAKDPRIAATMENAQK,LKSYEEELAKDPRIAATMENAQKGEIMPNIPQMSAFWYAVR
178,11651,154644602,"A","PDBID|CHAIN|SEQUENCE",false,"A","PDBID|CHAIN|SEQUENCE",false,130,245,3.3909415658981295,false,true,false,false,1,1,Within,0.048309178753623186,,0.0,0.0,0.0,,0.029220779227272727,0.003910614526256983,,0,VEALSLIYNKDLLPNPPKTWEEIPALDKELKAKGKSALMFN,TINGPWAWSNIDTSKVNYGVTVLPTFKGQPSKPFVGVLSAG
175,11646,154613371,"DECOY:A","DECOY:PDBID|CHAIN|SEQUENCE",true,"DECOY:A","DECOY:PDBID|CHAIN|SEQUENCE",true,138,333,3.340361936291612,true,false,false,true,1,1,Within,0.048309178753623186,,1.0,1.0,1.999999943436137E-9,,0.029220779227272727,0.003910614526256983,,2,QGKFTPLVTVGYNVKSTDINSWAWPGNITMATEGKNFAAEA,DPGDGTAAVQPFKEELKDPHEVTVKIGTDKEFKKGVEALGN
174,11644,154647407,"A","PDBID|CHAIN|SEQUENCE",false,"A","PDBID|CHAIN|SEQUENCE",false,215,222,3.305076416351889,false,true,false,false,1,1,Within,0.048309178753623186,,0.0,0.0,0.0,,0.029220779227272727,0.003910614526256983,,0,LVDLIKNKHMNADTDYSIAEAAFNKGETAMTINGPWAWSNI,KHMNADTDYSIAEAAFNKGETAMTINGPWAWSNIDTSKVNY
173,11643,154643531,"A","PDBID|CHAIN|SEQUENCE",false,"A","PDBID|CHAIN|SEQUENCE",false,17,347,3.2945745307544505,false,true,false,false,1,1,Within,0.048309178753623186,,0.0,0.0,0.0,,0.029220779227272727,0.003910614526256983,,0,....KIEEGKLVIWINGDKGYNGLAEVGKKFEKDTGIKVTV,GEIMPNIPQMSAFWYAVRTAVINAASGRQTVDEALKDAQTR
